code	term	range	group
8000/0	Neoplasm, benign	800	Neoplasms, NOS
8000/1	Neoplasm, uncertain whether benign or malignant	800	Neoplasms, NOS
8000/3	Neoplasm, malignant	800	Neoplasms, NOS
8000/6	Neoplasm, metastatic	800	Neoplasms, NOS
8000/9	Neoplasm, malignant, uncertain whether primary or metastatic	800	Neoplasms, NOS
8001/0	Tumor cells, benign	800	Neoplasms, NOS
8001/1	Tumor cells, uncertain whether benign or malignant	800	Neoplasms, NOS
8001/3	Tumor cells, malignant	800	Neoplasms, NOS
8002/3	Malignant tumor, small cell type	800	Neoplasms, NOS
8003/3	Malignant tumor, giant cell type	800	Neoplasms, NOS
8004/3	Malignant tumor, spindle cell type	800	Neoplasms, NOS
8005/0	Clear cell tumor, NOS	800	Neoplasms, NOS
8005/3	Malignant tumor, clear cell type	800	Neoplasms, NOS
8010/0	Epithelial tumor, benign	801-804	Epithelial neoplasms, NOS
8010/2	Carcinoma in situ, NOS	801-804	Epithelial neoplasms, NOS
8010/3	Carcinoma, NOS	801-804	Epithelial neoplasms, NOS
8010/6	Carcinoma, metastatic, NOS	801-804	Epithelial neoplasms, NOS
8010/9	Carcinomatosis	801-804	Epithelial neoplasms, NOS
8011/0	Epithelioma, benign	801-804	Epithelial neoplasms, NOS
8011/3	Epithelioma, malignant	801-804	Epithelial neoplasms, NOS
8012/3	Large cell carcinoma, NOS	801-804	Epithelial neoplasms, NOS
8013/3	Large cell neuroendocrine carcinoma	801-804	Epithelial neoplasms, NOS
8014/3	Large cell carcinoma with rhabdoid phenotype	801-804	Epithelial neoplasms, NOS
8015/3	Glassy cell carcinoma	801-804	Epithelial neoplasms, NOS
8020/3	Carcinoma, undifferentiated, NOS	801-804	Epithelial neoplasms, NOS
8021/3	Carcinoma, anaplastic, NOS	801-804	Epithelial neoplasms, NOS
8022/3	Pleomorphic carcinoma	801-804	Epithelial neoplasms, NOS
8023/3	Nuclear protein in testis (NUT) associated carcinoma	801-804	Epithelial neoplasms, NOS
8030/3	Giant cell and spindle cell carcinoma	801-804	Epithelial neoplasms, NOS
8031/3	Giant cell carcinoma	801-804	Epithelial neoplasms, NOS
8032/3	Spindle cell carcinoma, NOS	801-804	Epithelial neoplasms, NOS
8033/3	Pseudosarcomatous carcinoma	801-804	Epithelial neoplasms, NOS
8034/3	Polygonal cell carcinoma	801-804	Epithelial neoplasms, NOS
8035/3	Carcinoma with osteoclast-like giant cells	801-804	Epithelial neoplasms, NOS
8040/0	Tumorlet, benign	801-804	Epithelial neoplasms, NOS
8040/1	Tumorlet, NOS	801-804	Epithelial neoplasms, NOS
8041/3	Small cell carcinoma, NOS	801-804	Epithelial neoplasms, NOS
8042/3	Oat cell carcinoma	801-804	Epithelial neoplasms, NOS
8043/3	Small cell carcinoma, fusiform cell	801-804	Epithelial neoplasms, NOS
8044/3	Small cell carcinoma, intermediate cell	801-804	Epithelial neoplasms, NOS
8045/3	Combined small cell carcinoma	801-804	Epithelial neoplasms, NOS
8046/3	Non-small cell carcinoma	801-804	Epithelial neoplasms, NOS
8050/0	Papilloma, NOS	805-808	Squamous cell neoplasms
8050/2	Papillary carcinoma in situ	805-808	Squamous cell neoplasms
8050/3	Papillary carcinoma, NOS	805-808	Squamous cell neoplasms
8051/0	Verrucous papilloma	805-808	Squamous cell neoplasms
8051/3	Verrucous carcinoma, NOS	805-808	Squamous cell neoplasms
8052/0	Squamous cell papilloma, NOS	805-808	Squamous cell neoplasms
8052/2	Papillary squamous cell carcinoma, non-invasive	805-808	Squamous cell neoplasms
8052/3	Papillary squamous cell carcinoma	805-808	Squamous cell neoplasms
8053/0	Squamous cell papilloma, inverted	805-808	Squamous cell neoplasms
8054/0	Warty dyskeratoma	805-808	Squamous cell neoplasms
8054/3	Warty carcinoma	805-808	Squamous cell neoplasms
8060/0	Squamous papillomatosis	805-808	Squamous cell neoplasms
8070/0	Actinic keratosis	805-808	Squamous cell neoplasms
8070/2	Squamous cell carcinoma in situ, NOS	805-808	Squamous cell neoplasms
8070/3	Squamous cell carcinoma, NOS	805-808	Squamous cell neoplasms
8070/6	Squamous cell carcinoma, metastatic, NOS	805-808	Squamous cell neoplasms
8071/2	Differentiated intraepithelial neoplasia	805-808	Squamous cell neoplasms
8071/3	Squamous cell carcinoma, keratinizing, NOS	805-808	Squamous cell neoplasms
8072/0	Large cell acanthoma	805-808	Squamous cell neoplasms
8072/3	Squamous cell carcinoma, large cell, nonkeratinizing, NOS	805-808	Squamous cell neoplasms
8073/3	Squamous cell carcinoma, small cell, nonkeratinizing	805-808	Squamous cell neoplasms
8074/3	Squamous cell carcinoma, spindle cell	805-808	Squamous cell neoplasms
8075/3	Squamous cell carcinoma, adenoid	805-808	Squamous cell neoplasms
8076/2	Squamous cell carcinoma in situ with questionable stromal invasion	805-808	Squamous cell neoplasms
8076/3	Squamous cell carcinoma, microinvasive	805-808	Squamous cell neoplasms
8077/0	Squamous intraepithelial neoplasia, low grade	805-808	Squamous cell neoplasms
8077/2	Squamous intraepithelial neoplasia, high grade	805-808	Squamous cell neoplasms
8078/3	Squamous cell carcinoma with horn formation	805-808	Squamous cell neoplasms
8080/2	Queyrat erythroplasia	805-808	Squamous cell neoplasms
8081/2	Bowen disease	805-808	Squamous cell neoplasms
8082/3	Lymphoepithelial carcinoma	805-808	Squamous cell neoplasms
8083/3	Basaloid squamous cell carcinoma	805-808	Squamous cell neoplasms
8084/0	Clear cell acanthoma	805-808	Squamous cell neoplasms
8084/3	Squamous cell carcinoma, clear cell type	805-808	Squamous cell neoplasms
8085/3	Squamous cell carcinoma, HPV-positive	805-808	Squamous cell neoplasms
8086/3	Squamous cell carcinoma, HPV-negative	805-808	Squamous cell neoplasms
8090/1	Basal cell tumor	809-811	Basal cell neoplasms
8090/3	Basal cell carcinoma, NOS	809-811	Basal cell neoplasms
8091/3	Superficial basal cell carcinoma	809-811	Basal cell neoplasms
8092/3	Infiltrating basal cell carcinoma, NOS	809-811	Basal cell neoplasms
8093/3	Basal cell carcinoma, fibroepithelial	809-811	Basal cell neoplasms
8094/3	Basosquamous carcinoma	809-811	Basal cell neoplasms
8095/3	Metatypical carcinoma	809-811	Basal cell neoplasms
8096/0	Intraepidermal epithelioma of Jadassohn	809-811	Basal cell neoplasms
8097/3	Basal cell carcinoma, nodular	809-811	Basal cell neoplasms
8098/3	Adenoid basal carcinoma	809-811	Basal cell neoplasms
8100/0	Trichoepithelioma	809-811	Basal cell neoplasms
8100/3	Trichoblastic carcinoma	809-811	Basal cell neoplasms
8101/0	Trichofolliculoma	809-811	Basal cell neoplasms
8102/0	Trichilemmoma	809-811	Basal cell neoplasms
8102/3	Trichilemmocarcinoma	809-811	Basal cell neoplasms
8103/0	Pilar tumor	809-811	Basal cell neoplasms
8103/1	Proliferating trichilemmal cyst	809-811	Basal cell neoplasms
8104/0	Pilar sheath acanthoma	809-811	Basal cell neoplasms
8110/0	Pilomatricoma, NOS	809-811	Basal cell neoplasms
8110/3	Pilomatrical carcinoma	809-811	Basal cell neoplasms
8120/0	Urothelial papilloma, NOS	812-813	Transitional cell papillomas and carcinomas
8120/2	Urothelial carcinoma in situ	812-813	Transitional cell papillomas and carcinomas
8120/3	Transitional cell carcinoma, NOS	812-813	Transitional cell papillomas and carcinomas
8121/0	Sinonasal papilloma, exophytic	812-813	Transitional cell papillomas and carcinomas
8121/1	Sinonasal papilloma, inverted	812-813	Transitional cell papillomas and carcinomas
8121/3	Schneiderian carcinoma	812-813	Transitional cell papillomas and carcinomas
8122/3	Urothelial carcinoma, sarcomatoid 	812-813	Transitional cell papillomas and carcinomas
8123/3	Basaloid carcinoma	812-813	Transitional cell papillomas and carcinomas
8124/3	Cloacogenic carcinoma	812-813	Transitional cell papillomas and carcinomas
8130/1	Papillary urothelial neoplasm of low malignant potential	812-813	Transitional cell papillomas and carcinomas
8130/2	Papillary urothelial carcinoma, non-invasive	812-813	Transitional cell papillomas and carcinomas
8130/3	Papillary transitional cell carcinoma	812-813	Transitional cell papillomas and carcinomas
8131/3	Urothelial carcinoma, micropapillary	812-813	Transitional cell papillomas and carcinomas
8140/0	Adenoma, NOS	814-838	Adenomas and adenocarcinomas
8140/1	Atypical adenoma	814-838	Adenomas and adenocarcinomas
8140/2	Adenocarcinoma in situ, NOS	814-838	Adenomas and adenocarcinomas
8140/3	Adenocarcinoma, NOS	814-838	Adenomas and adenocarcinomas
8140/6	Adenocarcinoma, metastatic, NOS	814-838	Adenomas and adenocarcinomas
8141/3	Scirrhous adenocarcinoma	814-838	Adenomas and adenocarcinomas
8142/3	Linitis plastica	814-838	Adenomas and adenocarcinomas
8143/3	Superficial spreading adenocarcinoma	814-838	Adenomas and adenocarcinomas
8144/0	Adenoma, intestinal type	814-838	Adenomas and adenocarcinomas
8144/3	Adenocarcinoma, intestinal type	814-838	Adenomas and adenocarcinomas
8145/3	Carcinoma, diffuse type	814-838	Adenomas and adenocarcinomas
8146/0	Monomorphic adenoma	814-838	Adenomas and adenocarcinomas
8147/0	Basal cell adenoma	814-838	Adenomas and adenocarcinomas
8147/3	Basal cell adenocarcinoma	814-838	Adenomas and adenocarcinomas
8148/0	Glandular intraepithelial neoplasia, low grade	814-838	Adenomas and adenocarcinomas
8148/2	Glandular intraepithelial neoplasia, high grade	814-838	Adenomas and adenocarcinomas
8149/0	Canalicular adenoma	814-838	Adenomas and adenocarcinomas
8150/0	Pancreatic neuroendocrine microadenoma	814-838	Adenomas and adenocarcinomas
8150/3	Pancreatic neuroendocrine tumor, nonfunctioning	814-838	Adenomas and adenocarcinomas
8151/3	Insulinoma, NOS	814-838	Adenomas and adenocarcinomas
8152/3	Glucagonoma, NOS	814-838	Adenomas and adenocarcinomas
8153/3	Gastrinoma, NOS	814-838	Adenomas and adenocarcinomas
8154/3	Mixed neuroendocrine non-neuroendocrine neoplasm (MiNEN)	814-838	Adenomas and adenocarcinomas
8155/3	Vipoma, NOS	814-838	Adenomas and adenocarcinomas
8156/3	Somatostatinoma, NOS	814-838	Adenomas and adenocarcinomas
8158/3	ACTH-producing tumor	814-838	Adenomas and adenocarcinomas
8160/0	Bile duct adenoma	814-838	Adenomas and adenocarcinomas
8160/3	Cholangiocarcinoma	814-838	Adenomas and adenocarcinomas
8161/0	Bile duct cystadenoma	814-838	Adenomas and adenocarcinomas
8161/3	Bile duct cystadenocarcinoma	814-838	Adenomas and adenocarcinomas
8162/3	Klatskin tumor	814-838	Adenomas and adenocarcinomas
8163/0	Pancreatobiliary neoplasm, non-invasive	814-838	Adenomas and adenocarcinomas
8163/2	Papillary neoplasm, pancreatobiliary type, with high grade intraepithelial neoplasia	814-838	Adenomas and adenocarcinomas
8163/3	Pancreatobiliary type carcinoma	814-838	Adenomas and adenocarcinomas
8170/0	Liver cell adenoma	814-838	Adenomas and adenocarcinomas
8170/3	Hepatocellular carcinoma, NOS	814-838	Adenomas and adenocarcinomas
8171/3	Hepatocellular carcinoma, fibrolamellar	814-838	Adenomas and adenocarcinomas
8172/3	Hepatocellular carcinoma, scirrhous	814-838	Adenomas and adenocarcinomas
8173/3	Hepatocellular carcinoma, spindle cell variant	814-838	Adenomas and adenocarcinomas
8174/3	Hepatocellular carcinoma, clear cell type	814-838	Adenomas and adenocarcinomas
8175/3	Hepatocellular carcinoma, pleomorphic type	814-838	Adenomas and adenocarcinomas
8180/3	Combined hepatocellular carcinoma and cholangiocarcinoma	814-838	Adenomas and adenocarcinomas
8190/0	Trabecular adenoma	814-838	Adenomas and adenocarcinomas
8190/3	Trabecular adenocarcinoma	814-838	Adenomas and adenocarcinomas
8191/0	Embryonal adenoma	814-838	Adenomas and adenocarcinomas
8200/0	Eccrine dermal cylindroma	814-838	Adenomas and adenocarcinomas
8200/3	Adenoid cystic carcinoma	814-838	Adenomas and adenocarcinomas
8201/2	Cribriform carcinoma in situ	814-838	Adenomas and adenocarcinomas
8201/3	Cribriform carcinoma, NOS	814-838	Adenomas and adenocarcinomas
8202/0	Microcystic adenoma	814-838	Adenomas and adenocarcinomas
8204/0	Lactating adenoma	814-838	Adenomas and adenocarcinomas
8210/0	Adenomatous polyp, NOS	814-838	Adenomas and adenocarcinomas
8210/2	Adenocarcinoma in situ in adenomatous polyp	814-838	Adenomas and adenocarcinomas
8210/3	Adenocarcinoma in adenomatous polyp	814-838	Adenomas and adenocarcinomas
8211/0	Tubular adenoma, NOS	814-838	Adenomas and adenocarcinomas
8211/3	Tubular adenocarcinoma	814-838	Adenomas and adenocarcinomas
8212/0	Flat adenoma	814-838	Adenomas and adenocarcinomas
8213/0	Serrated adenoma, NOS	814-838	Adenomas and adenocarcinomas
8213/3	Serrated adenocarcinoma	814-838	Adenomas and adenocarcinomas
8214/3	Parietal cell carcinoma	814-838	Adenomas and adenocarcinomas
8215/3	Adenocarcinoma of anal glands	814-838	Adenomas and adenocarcinomas
8220/0	Adenomatous polyposis coli	814-838	Adenomas and adenocarcinomas
8220/3	Adenocarcinoma in adenomatous polyposis coli	814-838	Adenomas and adenocarcinomas
8221/0	Multiple adenomatous polyps	814-838	Adenomas and adenocarcinomas
8221/3	Adenocarcinoma in multiple adenomatous polyps	814-838	Adenomas and adenocarcinomas
8230/2	Ductal carcinoma in situ, solid type	814-838	Adenomas and adenocarcinomas
8230/3	Solid carcinoma, NOS	814-838	Adenomas and adenocarcinomas
8231/3	Carcinoma simplex	814-838	Adenomas and adenocarcinomas
8240/3	Neuroendocrine tumor, NOS	814-838	Adenomas and adenocarcinomas
8241/3	Enterochromaffin cell carcinoid	814-838	Adenomas and adenocarcinomas
8242/3	Enterochromaffin-like cell tumor, malignant	814-838	Adenomas and adenocarcinomas
8243/3	Goblet cell carcinoid	814-838	Adenomas and adenocarcinomas
8244/3	Mixed adenoneuroendocrine carcinoma	814-838	Adenomas and adenocarcinomas
8245/1	Tubular carcinoid	814-838	Adenomas and adenocarcinomas
8245/3	Adenocarcinoid tumor	814-838	Adenomas and adenocarcinomas
8246/3	Neuroendocrine carcinoma, NOS	814-838	Adenomas and adenocarcinomas
8247/3	Merkel cell carcinoma	814-838	Adenomas and adenocarcinomas
8248/1	Apudoma	814-838	Adenomas and adenocarcinomas
8249/3	Neuroendocrine tumor, grade 2	814-838	Adenomas and adenocarcinomas
8250/0	Atypical adenomatous hyperplasia	814-838	Adenomas and adenocarcinomas
8250/1	Pulmonary adenomatosis	814-838	Adenomas and adenocarcinomas
8250/2	Adenocarcinoma in situ of the lung, non-mucinous	814-838	Adenomas and adenocarcinomas
8250/3	Lepidic adenocarcinoma	814-838	Adenomas and adenocarcinomas
8251/0	Alveolar adenoma	814-838	Adenomas and adenocarcinomas
8251/3	Alveolar adenocarcinoma	814-838	Adenomas and adenocarcinomas
8252/3	Bronchiolo-alveolar carcinoma, non-mucinous	814-838	Adenomas and adenocarcinomas
8253/2	Adenocarcinoma in situ of the lung, mucinous	814-838	Adenomas and adenocarcinomas
8253/3	Adenocarcinoma of the lung, mucinous	814-838	Adenomas and adenocarcinomas
8254/3	Adenocarcinoma of the lung, mixed mucinous and non-mucinous	814-838	Adenomas and adenocarcinomas
8255/3	Adenocarcinoma with mixed subtypes	814-838	Adenomas and adenocarcinomas
8256/3	Minimally invasive adenocarcinoma, non-mucinous	814-838	Adenomas and adenocarcinomas
8257/3	Minimally invasive adenocarcinoma, mucinous	814-838	Adenomas and adenocarcinomas
8260/0	Papillary adenoma, NOS	814-838	Adenomas and adenocarcinomas
8260/1	Aggressive papillary tumor	814-838	Adenomas and adenocarcinomas
8260/3	Papillary adenocarcinoma, NOS	814-838	Adenomas and adenocarcinomas
8261/0	Villous adenoma, NOS	814-838	Adenomas and adenocarcinomas
8261/2	Adenocarcinoma in situ in villous adenoma	814-838	Adenomas and adenocarcinomas
8261/3	Adenocarcinoma in villous adenoma	814-838	Adenomas and adenocarcinomas
8262/3	Villous adenocarcinoma	814-838	Adenomas and adenocarcinomas
8263/0	Tubulovillous adenoma, NOS	814-838	Adenomas and adenocarcinomas
8263/2	Adenocarcinoma in situ in tubulovillous adenoma	814-838	Adenomas and adenocarcinomas
8263/3	Adenocarcinoma in tubulovillous adenoma	814-838	Adenomas and adenocarcinomas
8264/0	Papillomatosis, glandular	814-838	Adenomas and adenocarcinomas
8265/3	Micropapillary carcinoma, NOS	814-838	Adenomas and adenocarcinomas
8270/0	Chromophobe adenoma	814-838	Adenomas and adenocarcinomas
8270/3	Chromophobe carcinoma	814-838	Adenomas and adenocarcinomas
8271/0	Lactotroph adenoma	814-838	Adenomas and adenocarcinomas
8272/0	Pituitary adenoma, NOS	814-838	Adenomas and adenocarcinomas
8272/3	Pituitary carcinoma, NOS	814-838	Adenomas and adenocarcinomas
8273/3	Pituitary blastoma	814-838	Adenomas and adenocarcinomas
8280/0	Acidophil adenoma	814-838	Adenomas and adenocarcinomas
8280/3	Acidophil carcinoma	814-838	Adenomas and adenocarcinomas
8281/0	Mixed acidophil-basophil adenoma	814-838	Adenomas and adenocarcinomas
8281/3	Mixed acidophil-basophil carcinoma	814-838	Adenomas and adenocarcinomas
8290/0	Oxyphilic adenoma	814-838	Adenomas and adenocarcinomas
8290/3	Oxyphilic adenocarcinoma	814-838	Adenomas and adenocarcinomas
8300/0	Basophil adenoma	814-838	Adenomas and adenocarcinomas
8300/3	Basophil carcinoma	814-838	Adenomas and adenocarcinomas
8310/0	Clear cell adenoma	814-838	Adenomas and adenocarcinomas
8310/3	Clear cell adenocarcinoma, NOS	814-838	Adenomas and adenocarcinomas
8311/1	Hypernephroid tumor	814-838	Adenomas and adenocarcinomas
8311/3	Hereditary leiomyomatosis and renal cell carcinoma (HRCC)-associated renal cell carcinoma	814-838	Adenomas and adenocarcinomas
8312/3	Renal cell carcinoma, NOS	814-838	Adenomas and adenocarcinomas
8313/0	Clear cell adenofibroma	814-838	Adenomas and adenocarcinomas
8313/1	Clear cell borderline tumor	814-838	Adenomas and adenocarcinomas
8313/3	Clear cell adenocarcinofibroma	814-838	Adenomas and adenocarcinomas
8314/3	Lipid-rich carcinoma	814-838	Adenomas and adenocarcinomas
8315/3	Glycogen-rich carcinoma	814-838	Adenomas and adenocarcinomas
8316/1	Multilocular cystic renal neoplasm of low malignant potential 	814-838	Adenomas and adenocarcinomas
8316/3	Cyst-associated renal cell carcinoma	814-838	Adenomas and adenocarcinomas
8317/3	Renal cell carcinoma, chromophobe type	814-838	Adenomas and adenocarcinomas
8318/3	Renal cell carcinoma, sarcomatoid	814-838	Adenomas and adenocarcinomas
8319/3	Collecting duct carcinoma	814-838	Adenomas and adenocarcinomas
8320/3	Granular cell carcinoma	814-838	Adenomas and adenocarcinomas
8321/0	Chief cell adenoma	814-838	Adenomas and adenocarcinomas
8322/0	Water-clear cell adenoma	814-838	Adenomas and adenocarcinomas
8322/3	Water-clear cell adenocarcinoma	814-838	Adenomas and adenocarcinomas
8323/0	Mixed cell adenoma	814-838	Adenomas and adenocarcinomas
8323/1	Clear cell papillary renal cell carcinoma	814-838	Adenomas and adenocarcinomas
8323/3	Mixed cell adenocarcinoma	814-838	Adenomas and adenocarcinomas
8324/0	Lipoadenoma	814-838	Adenomas and adenocarcinomas
8325/0	Metanephric adenoma	814-838	Adenomas and adenocarcinomas
8330/0	Follicular adenoma, NOS	814-838	Adenomas and adenocarcinomas
8330/1	Atypical follicular adenoma	814-838	Adenomas and adenocarcinomas
8330/3	Follicular carcinoma, NOS	814-838	Adenomas and adenocarcinomas
8331/3	Follicular adenocarcinoma, well differentiated	814-838	Adenomas and adenocarcinomas
8332/3	Follicular adenocarcinoma, trabecular	814-838	Adenomas and adenocarcinomas
8333/0	Microfollicular adenoma, NOS	814-838	Adenomas and adenocarcinomas
8333/3	Fetal adenocarcinoma	814-838	Adenomas and adenocarcinomas
8334/0	Macrofollicular adenoma	814-838	Adenomas and adenocarcinomas
8335/1	Follicular tumor of uncertain malignant potential	814-838	Adenomas and adenocarcinomas
8335/3	Follicular carcinoma, minimally invasive	814-838	Adenomas and adenocarcinomas
8336/1	Hyalinizing trabecular tumor	814-838	Adenomas and adenocarcinomas
8337/3	Poorly differentiated thyroid carcinoma	814-838	Adenomas and adenocarcinomas
8339/3	Follicular carcinoma, encapsulated, angioinvasive	814-838	Adenomas and adenocarcinomas
8340/3	Papillary carcinoma, follicular variant	814-838	Adenomas and adenocarcinomas
8341/3	Papillary microcarcinoma	814-838	Adenomas and adenocarcinomas
8342/3	Papillary carcinoma, oncocytic variant	814-838	Adenomas and adenocarcinomas
8343/3	Papillary carcinoma, encapsulated of thyroid	814-838	Adenomas and adenocarcinomas
8344/3	Papillary carcinoma, columnar cell	814-838	Adenomas and adenocarcinomas
8345/3	Medullary thyroid carcinoma	814-838	Adenomas and adenocarcinomas
8346/3	Mixed medullary-follicular carcinoma	814-838	Adenomas and adenocarcinomas
8347/3	Mixed medullary-papillary carcinoma	814-838	Adenomas and adenocarcinomas
8348/1	Well differentiated tumor of uncertain malignant potential	814-838	Adenomas and adenocarcinomas
8349/1	Non-invasive follicular thyroid neoplasm with papillary-like nuclear features (NIFTP)	814-838	Adenomas and adenocarcinomas
8350/3	Nonencapsulated sclerosing carcinoma	814-838	Adenomas and adenocarcinomas
8360/1	Multiple endocrine adenomas	814-838	Adenomas and adenocarcinomas
8361/0	Juxtaglomerular tumor	814-838	Adenomas and adenocarcinomas
8370/0	Adrenal cortical adenoma, NOS	814-838	Adenomas and adenocarcinomas
8370/3	Adrenal cortical carcinoma	814-838	Adenomas and adenocarcinomas
8371/0	Adrenal cortical adenoma, compact cell	814-838	Adenomas and adenocarcinomas
8372/0	Adrenal cortical adenoma, pigmented	814-838	Adenomas and adenocarcinomas
8373/0	Adrenal cortical adenoma, clear cell	814-838	Adenomas and adenocarcinomas
8374/0	Adrenal cortical adenoma, glomerulosa cell	814-838	Adenomas and adenocarcinomas
8375/0	Adrenal cortical adenoma, mixed cell	814-838	Adenomas and adenocarcinomas
8380/0	Endometrioid adenoma, NOS	814-838	Adenomas and adenocarcinomas
8380/1	Endometrioid adenoma, borderline malignancy	814-838	Adenomas and adenocarcinomas
8380/2	Endometrioid intraepithelial neoplasia	814-838	Adenomas and adenocarcinomas
8380/3	Endometrioid adenocarcinoma, NOS	814-838	Adenomas and adenocarcinomas
8381/0	Endometrioid adenofibroma, NOS	814-838	Adenomas and adenocarcinomas
8381/1	Endometrioid adenofibroma, borderline malignancy	814-838	Adenomas and adenocarcinomas
8381/3	Endometrioid adenofibroma, malignant	814-838	Adenomas and adenocarcinomas
8382/3	Endometrioid adenocarcinoma, secretory variant	814-838	Adenomas and adenocarcinomas
8383/3	Endometrioid adenocarcinoma, ciliated cell variant	814-838	Adenomas and adenocarcinomas
8384/3	Adenocarcinoma, endocervical type	814-838	Adenomas and adenocarcinomas
8390/0	Skin appendage adenoma	839-842	Adnexal and skin appendage neoplasms
8390/3	Adnexal adenocarcinoma, NOS	839-842	Adnexal and skin appendage neoplasms
8391/0	Follicular fibroma	839-842	Adnexal and skin appendage neoplasms
8392/0	Syringofibroadenoma	839-842	Adnexal and skin appendage neoplasms
8400/0	Sweat gland adenoma	839-842	Adnexal and skin appendage neoplasms
8400/1	Sweat gland tumor, NOS	839-842	Adnexal and skin appendage neoplasms
8400/3	Sweat gland adenocarcinoma	839-842	Adnexal and skin appendage neoplasms
8401/0	Apocrine adenoma	839-842	Adnexal and skin appendage neoplasms
8401/3	Apocrine adenocarcinoma	839-842	Adnexal and skin appendage neoplasms
8402/0	Hidradenoma, NOS	839-842	Adnexal and skin appendage neoplasms
8402/3	Hidradenocarcinoma	839-842	Adnexal and skin appendage neoplasms
8403/0	Spiradenoma, NOS	839-842	Adnexal and skin appendage neoplasms
8403/3	Malignant eccrine spiradenoma	839-842	Adnexal and skin appendage neoplasms
8404/0	Hidrocystoma	839-842	Adnexal and skin appendage neoplasms
8405/0	Papillary hidradenoma	839-842	Adnexal and skin appendage neoplasms
8406/0	Syringocystadenoma papilliferum	839-842	Adnexal and skin appendage neoplasms
8406/3	Syringocystadenocarcinoma papilliferum	839-842	Adnexal and skin appendage neoplasms
8407/0	Syringoma, NOS	839-842	Adnexal and skin appendage neoplasms
8407/3	Microcystic adnexal carcinoma	839-842	Adnexal and skin appendage neoplasms
8408/0	Eccrine papillary adenoma	839-842	Adnexal and skin appendage neoplasms
8408/3	Digital papillary adenocarcinoma	839-842	Adnexal and skin appendage neoplasms
8409/0	Poroma, NOS	839-842	Adnexal and skin appendage neoplasms
8409/2	Porocarcinoma in situ	839-842	Adnexal and skin appendage neoplasms
8409/3	Porocarcinoma, NOS	839-842	Adnexal and skin appendage neoplasms
8410/0	Sebaceoma	839-842	Adnexal and skin appendage neoplasms
8410/3	Sebaceous carcinoma	839-842	Adnexal and skin appendage neoplasms
8413/3	Eccrine adenocarcinoma	839-842	Adnexal and skin appendage neoplasms
8420/0	Ceruminous adenoma	839-842	Adnexal and skin appendage neoplasms
8420/3	Ceruminous adenocarcinoma	839-842	Adnexal and skin appendage neoplasms
8430/1	Mucoepidermoid tumor	843	Mucoepidermoid neoplasms
8430/3	Mucoepidermoid carcinoma	843	Mucoepidermoid neoplasms
8440/0	Cystadenoma, NOS	844-849	Cystic, mucinous and serous neoplasms
8440/3	Cystadenocarcinoma, NOS	844-849	Cystic, mucinous and serous neoplasms
8441/0	Serous cystadenoma, NOS	844-849	Cystic, mucinous and serous neoplasms
8441/2	Serous intraepithelial carcinoma	844-849	Cystic, mucinous and serous neoplasms
8441/3	Serous carcinoma, NOS	844-849	Cystic, mucinous and serous neoplasms
8442/1	Serous borderline tumor, NOS	844-849	Cystic, mucinous and serous neoplasms
8443/0	Clear cell cystadenoma	844-849	Cystic, mucinous and serous neoplasms
8450/0	Papillary cystadenoma, NOS	844-849	Cystic, mucinous and serous neoplasms
8450/3	Papillary cystadenocarcinoma, NOS	844-849	Cystic, mucinous and serous neoplasms
8451/1	Papillary cystadenoma, borderline malignancy	844-849	Cystic, mucinous and serous neoplasms
8452/1	Solid pseudopapillary tumor of ovary	844-849	Cystic, mucinous and serous neoplasms
8452/3	Solid pseudopapillary neoplasm of the pancreas	844-849	Cystic, mucinous and serous neoplasms
8453/0	Intraductal Papillary mucinous adenoma	844-849	Cystic, mucinous and serous neoplasms
8453/2	Intraductal Papillary mucinous neoplasm with high grade dysplasia	844-849	Cystic, mucinous and serous neoplasms
8453/3	Intraductal Papillary mucinous neoplasm with an associated invasive carcinoma	844-849	Cystic, mucinous and serous neoplasms
8454/0	Cystic tumor of atrio-ventricular node	844-849	Cystic, mucinous and serous neoplasms
8460/2	Serous borderline tumor, micropapillary variant	844-849	Cystic, mucinous and serous neoplasms
8460/3	Low grade serous carcinoma	844-849	Cystic, mucinous and serous neoplasms
8461/0	Serous surface papilloma	844-849	Cystic, mucinous and serous neoplasms
8461/3	High grade serous carcinoma	844-849	Cystic, mucinous and serous neoplasms
8470/0	Mucinous cystadenoma, NOS	844-849	Cystic, mucinous and serous neoplasms
8470/2	Mucinous cystic neoplasm with high grade dysplasia	844-849	Cystic, mucinous and serous neoplasms
8470/3	Mucinous cystadenocarcinoma, NOS	844-849	Cystic, mucinous and serous neoplasms
8472/1	Mucinous cystic tumor of borderline malignancy	844-849	Cystic, mucinous and serous neoplasms
8474/0	Seromucinous cystadenoma	844-849	Cystic, mucinous and serous neoplasms
8474/1	Seromucinous borderline tumor	844-849	Cystic, mucinous and serous neoplasms
8474/3	Seromucinous carcinoma	844-849	Cystic, mucinous and serous neoplasms
8480/0	Mucinous adenoma	844-849	Cystic, mucinous and serous neoplasms
8480/1	Low grade appendiceal mucinous neoplasm	844-849	Cystic, mucinous and serous neoplasms
8480/3	Mucinous adenocarcinoma	844-849	Cystic, mucinous and serous neoplasms
8480/6	Pseudomyxoma peritonei	844-849	Cystic, mucinous and serous neoplasms
8481/3	Mucin-producing adenocarcinoma	844-849	Cystic, mucinous and serous neoplasms
8482/3	Mucinous carcinoma, gastric type	844-849	Cystic, mucinous and serous neoplasms
8490/3	Signet ring cell carcinoma	844-849	Cystic, mucinous and serous neoplasms
8490/6	Metastatic signet ring cell carcinoma	844-849	Cystic, mucinous and serous neoplasms
8500/2	Intraductal carcinoma, noninfiltrating, NOS	850-854	Ductal and lobular neoplasms
8500/3	Infiltrating duct carcinoma, NOS	850-854	Ductal and lobular neoplasms
8501/2	Comedocarcinoma, noninfiltrating	850-854	Ductal and lobular neoplasms
8501/3	Comedocarcinoma, NOS	850-854	Ductal and lobular neoplasms
8502/3	Secretory carcinoma	850-854	Ductal and lobular neoplasms
8503/0	Intraductal papilloma	850-854	Ductal and lobular neoplasms
8503/2	Noninfiltrating intraductal papillary adenocarcinoma	850-854	Ductal and lobular neoplasms
8503/3	Intraductal papillary adenocarcinoma with invasion	850-854	Ductal and lobular neoplasms
8504/0	Intracystic papillary adenoma	850-854	Ductal and lobular neoplasms
8504/2	Encapsulated papillary carcinoma	850-854	Ductal and lobular neoplasms
8504/3	Encapsulated papillary carcinoma with invasion	850-854	Ductal and lobular neoplasms
8505/0	Intraductal papillomatosis, NOS	850-854	Ductal and lobular neoplasms
8506/0	Adenoma of nipple	850-854	Ductal and lobular neoplasms
8507/2	Intraductal micropapillary carcinoma	850-854	Ductal and lobular neoplasms
8507/3	Invasive micropapillary carcinoma of breast	850-854	Ductal and lobular neoplasms
8508/3	Cystic hypersecretory carcinoma	850-854	Ductal and lobular neoplasms
8509/2	Solid papillary carcinoma in situ	850-854	Ductal and lobular neoplasms
8509/3	Solid papillary carcinoma with invasion	850-854	Ductal and lobular neoplasms
8510/3	Medullary carcinoma, NOS	850-854	Ductal and lobular neoplasms
8512/3	Medullary carcinoma with lymphoid stroma	850-854	Ductal and lobular neoplasms
8513/3	Atypical medullary carcinoma	850-854	Ductal and lobular neoplasms
8514/3	Duct carcinoma, desmoplastic type	850-854	Ductal and lobular neoplasms
8519/2	Lobular carcinoma in situ, pleomorphic	850-854	Ductal and lobular neoplasms
8520/2	Lobular carcinoma in situ, NOS	850-854	Ductal and lobular neoplasms
8520/3	Lobular carcinoma, NOS	850-854	Ductal and lobular neoplasms
8521/3	Infiltrating ductular carcinoma	850-854	Ductal and lobular neoplasms
8522/2	Intraductal carcinoma and lobular carcinoma in situ	850-854	Ductal and lobular neoplasms
8522/3	Infiltrating duct and lobular carcinoma	850-854	Ductal and lobular neoplasms
8523/3	Infiltrating duct mixed with other types of carcinoma	850-854	Ductal and lobular neoplasms
8524/3	Infiltrating lobular mixed with other types of carcinoma	850-854	Ductal and lobular neoplasms
8525/3	Polymorphous adenocarcinoma	850-854	Ductal and lobular neoplasms
8530/3	Inflammatory carcinoma	850-854	Ductal and lobular neoplasms
8540/3	Paget disease, mammary	850-854	Ductal and lobular neoplasms
8541/3	Paget disease and infiltrating duct carcinoma of breast	850-854	Ductal and lobular neoplasms
8542/3	Paget disease, extramammary	850-854	Ductal and lobular neoplasms
8543/3	Paget disease and intraductal carcinoma of breast	850-854	Ductal and lobular neoplasms
8550/0	Acinar cell adenoma	855	Acinar cell neoplasms
8550/1	Acinar cell tumor	855	Acinar cell neoplasms
8550/3	Acinar cell carcinoma	855	Acinar cell neoplasms
8551/3	Acinar cell cystadenocarcinoma	855	Acinar cell neoplasms
8552/3	Mixed acinar-ductal carcinoma	855	Acinar cell neoplasms
8560/0	Mixed squamous cell and glandular papilloma	856-857	Complex epithelial neoplasms
8560/3	Adenosquamous carcinoma	856-857	Complex epithelial neoplasms
8561/0	Adenolymphoma	856-857	Complex epithelial neoplasms
8562/3	Epithelial-myoepithelial carcinoma	856-857	Complex epithelial neoplasms
8563/0	Lymphadenoma	856-857	Complex epithelial neoplasms
8570/3	Adenocarcinoma with squamous metaplasia	856-857	Complex epithelial neoplasms
8571/3	Adenocarcinoma with cartilaginous and osseous metaplasia	856-857	Complex epithelial neoplasms
8572/3	Adenocarcinoma with spindle cell metaplasia	856-857	Complex epithelial neoplasms
8573/3	Adenocarcinoma with apocrine metaplasia	856-857	Complex epithelial neoplasms
8574/3	Adenocarcinoma with neuroendocrine differentiation	856-857	Complex epithelial neoplasms
8575/3	Metaplastic carcinoma, NOS	856-857	Complex epithelial neoplasms
8576/3	Hepatoid adenocarcinoma	856-857	Complex epithelial neoplasms
8580/0	Microscopic thymoma	858	Thymic epithelial neoplasms
8580/1	Micronodular thymoma with lymphoid stroma	858	Thymic epithelial neoplasms
8580/3	Thymoma, NOS	858	Thymic epithelial neoplasms
8581/3	Thymoma, type A	858	Thymic epithelial neoplasms
8582/3	Thymoma, type AB	858	Thymic epithelial neoplasms
8583/3	Thymoma, type B1	858	Thymic epithelial neoplasms
8584/3	Thymoma, type B2	858	Thymic epithelial neoplasms
8585/3	Thymoma, type B3	858	Thymic epithelial neoplasms
8586/3	Thymic carcinoma, NOS	858	Thymic epithelial neoplasms
8587/0	Ectopic hamartomatous thymoma	858	Thymic epithelial neoplasms
8588/3	Spindle epithelial tumor with thymus-like element	858	Thymic epithelial neoplasms
8589/3	Intrathyroid thymic carcinoma	858	Thymic epithelial neoplasms
8590/0	Sex cord-stromal tumor, benign	859-867	Specialized gonadal neoplasms
8590/1	Sex cord-gonadal stromal tumor, NOS	859-867	Specialized gonadal neoplasms
8591/1	Sex cord-gonadal stromal tumor, incompletely differentiated	859-867	Specialized gonadal neoplasms
8592/1	Sex cord-gonadal stromal tumor, mixed forms	859-867	Specialized gonadal neoplasms
8593/1	Stromal tumor with minor sex cord elements	859-867	Specialized gonadal neoplasms
8594/1	Mixed germ cell-sex cord-stromal tumor, NOS	859-867	Specialized gonadal neoplasms
8600/0	Thecoma, NOS	859-867	Specialized gonadal neoplasms
8600/3	Thecoma, malignant	859-867	Specialized gonadal neoplasms
8601/0	Thecoma, luteinized	859-867	Specialized gonadal neoplasms
8602/0	Sclerosing stromal tumor	859-867	Specialized gonadal neoplasms
8610/0	Luteoma, NOS	859-867	Specialized gonadal neoplasms
8620/1	Adult granulosa cell tumor of testis	859-867	Specialized gonadal neoplasms
8620/3	Adult granulosa cell tumor of ovary	859-867	Specialized gonadal neoplasms
8621/1	Granulosa cell-theca cell tumor	859-867	Specialized gonadal neoplasms
8622/0	Granulosa cell tumor of the testis, juvenile	859-867	Specialized gonadal neoplasms
8622/1	Granulosa cell tumor, juvenile	859-867	Specialized gonadal neoplasms
8623/1	Sex cord tumor with annular tubules	859-867	Specialized gonadal neoplasms
8630/0	Androblastoma, benign	859-867	Specialized gonadal neoplasms
8630/1	Androblastoma, NOS	859-867	Specialized gonadal neoplasms
8630/3	Androblastoma, malignant	859-867	Specialized gonadal neoplasms
8631/0	Sertoli-Leydig cell tumor, well differentiated	859-867	Specialized gonadal neoplasms
8631/1	Sertoli-Leydig cell tumor of intermediate differentiation	859-867	Specialized gonadal neoplasms
8631/3	Sertoli-Leydig cell tumor, poorly differentiated	859-867	Specialized gonadal neoplasms
8632/1	Gynandroblastoma	859-867	Specialized gonadal neoplasms
8633/1	Sertoli-Leydig cell tumor, retiform	859-867	Specialized gonadal neoplasms
8634/1	Sertoli-Leydig cell tumor, intermediate differentiation, with heterologous elements	859-867	Specialized gonadal neoplasms
8634/3	Sertoli-Leydig cell tumor, poorly differentiated, with heterologous elements	859-867	Specialized gonadal neoplasms
8640/1	Sertoli cell tumor, NOS	859-867	Specialized gonadal neoplasms
8640/3	Sertoli cell carcinoma	859-867	Specialized gonadal neoplasms
8641/0	Sertoli cell tumor with lipid storage	859-867	Specialized gonadal neoplasms
8642/1	Large cell calcifying Sertoli cell tumor	859-867	Specialized gonadal neoplasms
8643/1	Intratubular large cell hyalinizing Sertoli cell neoplasia	859-867	Specialized gonadal neoplasms
8650/0	Leydig cell tumor of the ovary, NOS	859-867	Specialized gonadal neoplasms
8650/1	Leydig cell tumor of the testis, NOS	859-867	Specialized gonadal neoplasms
8650/3	Leydig cell tumor, malignant	859-867	Specialized gonadal neoplasms
8660/0	Hilus cell tumor	859-867	Specialized gonadal neoplasms
8670/0	Lipid cell tumor of ovary	859-867	Specialized gonadal neoplasms
8670/3	Steroid cell tumor, malignant	859-867	Specialized gonadal neoplasms
8671/0	Adrenal rest tumor	859-867	Specialized gonadal neoplasms
8680/3	Paraganglioma, NOS	868-871	Paragangliomas and glomus tumors
8681/3	Sympathetic paraganglioma	868-871	Paragangliomas and glomus tumors
8682/3	Parasympathetic paraganglioma	868-871	Paragangliomas and glomus tumors
8683/0	Gangliocytic paraganglioma	868-871	Paragangliomas and glomus tumors
8690/3	Middle ear paraganglioma	868-871	Paragangliomas and glomus tumors
8691/3	Aortic body tumor	868-871	Paragangliomas and glomus tumors
8692/3	Carotid body paraganglioma	868-871	Paragangliomas and glomus tumors
8693/3	Extra-adrenal paraganglioma, NOS	868-871	Paragangliomas and glomus tumors
8700/3	Pheochromocytoma, NOS	868-871	Paragangliomas and glomus tumors
8710/3	Glomangiosarcoma	868-871	Paragangliomas and glomus tumors
8711/0	Glomus tumor, NOS	868-871	Paragangliomas and glomus tumors
8711/1	Glomangiomatosis	868-871	Paragangliomas and glomus tumors
8711/3	Glomus tumor, malignant	868-871	Paragangliomas and glomus tumors
8712/0	Glomangioma	868-871	Paragangliomas and glomus tumors
8713/0	Glomangiomyoma	868-871	Paragangliomas and glomus tumors
8714/0	Perivascular epithelioid tumor, benign	868-871	Paragangliomas and glomus tumors
8714/3	Perivascular epithelioid tumor, malignant	868-871	Paragangliomas and glomus tumors
8720/0	Pigmented nevus, NOS	872-879	Nevi and melanomas
8720/2	Melanoma in situ	872-879	Nevi and melanomas
8720/3	Malignant melanoma, NOS	872-879	Nevi and melanomas
8721/3	Nodular melanoma	872-879	Nevi and melanomas
8722/0	Balloon cell nevus	872-879	Nevi and melanomas
8722/3	Balloon cell melanoma	872-879	Nevi and melanomas
8723/0	Halo nevus	872-879	Nevi and melanomas
8723/3	Malignant melanoma, regressing	872-879	Nevi and melanomas
8725/0	Neuronevus	872-879	Nevi and melanomas
8726/0	Magnocellular nevus	872-879	Nevi and melanomas
8727/0	Dysplastic nevus	872-879	Nevi and melanomas
8728/0	Meningeal melanocytosis	872-879	Nevi and melanomas
8728/1	Meningeal melanocytoma	872-879	Nevi and melanomas
8728/3	Meningeal melanomatosis	872-879	Nevi and melanomas
8730/0	Nonpigmented nevus	872-879	Nevi and melanomas
8730/3	Amelanotic melanoma	872-879	Nevi and melanomas
8740/0	Junctional nevus, NOS	872-879	Nevi and melanomas
8740/3	Malignant melanoma in junctional nevus	872-879	Nevi and melanomas
8741/2	Precancerous melanosis, NOS	872-879	Nevi and melanomas
8741/3	Malignant melanoma in precancerous melanosis	872-879	Nevi and melanomas
8742/0	Lentiginous melanocytic nevus	872-879	Nevi and melanomas
8742/2	Lentigo maligna	872-879	Nevi and melanomas
8742/3	Lentigo maligna melanoma	872-879	Nevi and melanomas
8743/3	Low cumulative sun damage melanoma	872-879	Nevi and melanomas
8744/0	Acral nevus	872-879	Nevi and melanomas
8744/3	Acral melanoma	872-879	Nevi and melanomas
8745/3	Desmoplastic melanoma	872-879	Nevi and melanomas
8746/3	Mucosal lentiginous melanoma	872-879	Nevi and melanomas
8750/0	Dermal nevus	872-879	Nevi and melanomas
8760/0	Compound nevus	872-879	Nevi and melanomas
8761/0	Congenital melanocytic nevus, NOS	872-879	Nevi and melanomas
8761/1	Giant pigmented nevus, NOS	872-879	Nevi and melanomas
8761/3	Malignant melanoma arising in giant congenital nevus	872-879	Nevi and melanomas
8762/1	Proliferative dermal lesion in congenital nevus	872-879	Nevi and melanomas
8770/0	Epithelioid and spindle cell nevus	872-879	Nevi and melanomas
8770/3	Malignant Spitz tumor	872-879	Nevi and melanomas
8771/0	Epithelioid cell nevus	872-879	Nevi and melanomas
8771/3	Epithelioid cell melanoma	872-879	Nevi and melanomas
8772/0	Spindle cell nevus, NOS	872-879	Nevi and melanomas
8772/3	Spindle cell melanoma, NOS	872-879	Nevi and melanomas
8773/3	Spindle cell melanoma, type A	872-879	Nevi and melanomas
8774/3	Spindle cell melanoma, type B	872-879	Nevi and melanomas
8780/0	Blue nevus, NOS	872-879	Nevi and melanomas
8780/1	Pigmented epithelioid melanocytoma	872-879	Nevi and melanomas
8780/3	Blue nevus, malignant	872-879	Nevi and melanomas
8790/0	Cellular blue nevus	872-879	Nevi and melanomas
8800/0	Soft tissue tumor, benign	880	Soft tissue tumors and sarcomas, NOS
8800/3	Sarcoma, NOS	880	Soft tissue tumors and sarcomas, NOS
8800/9	Sarcomatosis, NOS	880	Soft tissue tumors and sarcomas, NOS
8801/3	Spindle cell sarcoma	880	Soft tissue tumors and sarcomas, NOS
8802/1	Pleomorphic hyalinizing angiectatic tumor	880	Soft tissue tumors and sarcomas, NOS
8802/3	Giant cell sarcoma	880	Soft tissue tumors and sarcomas, NOS
8803/3	Small cell sarcoma	880	Soft tissue tumors and sarcomas, NOS
8804/3	Epithelioid sarcoma	880	Soft tissue tumors and sarcomas, NOS
8805/3	Undifferentiated sarcoma	880	Soft tissue tumors and sarcomas, NOS
8806/3	Desmoplastic small round cell tumor	880	Soft tissue tumors and sarcomas, NOS
8810/0	Fibroma, NOS	881-883	Fibromatous neoplasms
8810/1	Cellular fibroma	881-883	Fibromatous neoplasms
8810/3	Fibrosarcoma, NOS	881-883	Fibromatous neoplasms
8811/0	Fibromyxoma, NOS	881-883	Fibromatous neoplasms
8811/1	Myxoinflammatory fibroblastic sarcoma	881-883	Fibromatous neoplasms
8811/3	Myxofibrosarcoma	881-883	Fibromatous neoplasms
8812/0	Periosteal fibroma	881-883	Fibromatous neoplasms
8812/3	Periosteal fibrosarcoma	881-883	Fibromatous neoplasms
8813/0	Fibroma of tendon sheath	881-883	Fibromatous neoplasms
8813/1	Palmar/plantar type fibromatosis	881-883	Fibromatous neoplasms
8813/3	Fascial fibrosarcoma	881-883	Fibromatous neoplasms
8814/3	Infantile fibrosarcoma	881-883	Fibromatous neoplasms
8815/0	Solitary fibrous tumor/Hemangiopericytoma, grade 1	881-883	Fibromatous neoplasms
8815/1	Solitary fibrous tumor, NOS	881-883	Fibromatous neoplasms
8815/3	Solitary fibrous tumor, malignant	881-883	Fibromatous neoplasms
8816/0	Calcifying aponeurotic fibroma	881-883	Fibromatous neoplasms
8817/0	Calcifying fibrous tumor	881-883	Fibromatous neoplasms
8818/0	Fibrous dysplasia	881-883	Fibromatous neoplasms
8820/0	Elastofibroma	881-883	Fibromatous neoplasms
8821/1	Aggressive fibromatosis	881-883	Fibromatous neoplasms
8822/1	Abdominal fibromatosis	881-883	Fibromatous neoplasms
8823/0	Sclerotic fibroma	881-883	Fibromatous neoplasms
8823/1	Desmoplastic fibroma	881-883	Fibromatous neoplasms
8824/0	Myofibroma	881-883	Fibromatous neoplasms
8824/1	Myofibromatosis	881-883	Fibromatous neoplasms
8825/0	Myofibroblastoma	881-883	Fibromatous neoplasms
8825/1	Myofibroblastic tumor, NOS	881-883	Fibromatous neoplasms
8825/3	Myofibroblastic sarcoma	881-883	Fibromatous neoplasms
8826/0	Angiomyofibroblastoma	881-883	Fibromatous neoplasms
8827/1	Myofibroblastic tumor, peribronchial	881-883	Fibromatous neoplasms
8828/0	Nodular fasciitis	881-883	Fibromatous neoplasms
8830/0	Benign fibrous histiocytoma, NOS	881-883	Fibromatous neoplasms
8830/1	Atypical fibrous histiocytoma	881-883	Fibromatous neoplasms
8830/3	Malignant fibrous histiocytoma	881-883	Fibromatous neoplasms
8831/0	Histiocytoma, NOS	881-883	Fibromatous neoplasms
8832/0	Dermatofibroma, NOS	881-883	Fibromatous neoplasms
8832/1	Dermatofibrosarcoma protuberans, NOS	881-883	Fibromatous neoplasms
8832/3	Dermatofibrosarcoma protuberans, fibrosarcomatous	881-883	Fibromatous neoplasms
8833/1	Pigmented dermatofibrosarcoma protuberans	881-883	Fibromatous neoplasms
8834/1	Giant cell fibroblastoma	881-883	Fibromatous neoplasms
8835/1	Plexiform fibrohistiocytic tumor	881-883	Fibromatous neoplasms
8836/1	Angiomatoid fibrous histiocytoma	881-883	Fibromatous neoplasms
8840/0	Myxoma, NOS	884	Myxomatous neoplasms
8840/3	Myxosarcoma	884	Myxomatous neoplasms
8841/0	Angiomyxoma, NOS	884	Myxomatous neoplasms
8842/0	Ossifying fibromyxoid tumor, NOS	884	Myxomatous neoplasms
8842/3	Ossifying fibromyxoid tumor, malignant	884	Myxomatous neoplasms
8850/0	Lipoma, NOS	885-888	Lipomatous neoplasms
8850/1	Atypical lipomatous tumor	885-888	Lipomatous neoplasms
8850/3	Liposarcoma, NOS	885-888	Lipomatous neoplasms
8851/0	Fibrolipoma	885-888	Lipomatous neoplasms
8851/1	Lipofibromatosis	885-888	Lipomatous neoplasms
8851/3	Liposarcoma, well differentiated, NOS	885-888	Lipomatous neoplasms
8852/0	Fibromyxolipoma	885-888	Lipomatous neoplasms
8852/3	Myxoid liposarcoma	885-888	Lipomatous neoplasms
8853/3	Round cell liposarcoma	885-888	Lipomatous neoplasms
8854/0	Pleomorphic lipoma	885-888	Lipomatous neoplasms
8854/3	Pleomorphic liposarcoma	885-888	Lipomatous neoplasms
8855/3	Mixed liposarcoma	885-888	Lipomatous neoplasms
8856/0	Intramuscular lipoma	885-888	Lipomatous neoplasms
8857/0	Spindle cell lipoma	885-888	Lipomatous neoplasms
8857/3	Fibroblastic liposarcoma	885-888	Lipomatous neoplasms
8858/3	Dedifferentiated liposarcoma	885-888	Lipomatous neoplasms
8860/0	Angiomyolipoma	885-888	Lipomatous neoplasms
8860/1	Angiomyolipoma, epithelioid	885-888	Lipomatous neoplasms
8861/0	Angiolipoma, NOS	885-888	Lipomatous neoplasms
8862/0	Chondroid lipoma	885-888	Lipomatous neoplasms
8870/0	Myelolipoma	885-888	Lipomatous neoplasms
8880/0	Hibernoma	885-888	Lipomatous neoplasms
8881/0	Lipoblastomatosis	885-888	Lipomatous neoplasms
8890/0	Leiomyoma, NOS	889-892	Myomatous neoplasms
8890/1	Leiomyomatosis, NOS	889-892	Myomatous neoplasms
8890/3	Leiomyosarcoma, NOS	889-892	Myomatous neoplasms
8891/0	Epithelioid leiomyoma	889-892	Myomatous neoplasms
8891/3	Epithelioid leiomyosarcoma	889-892	Myomatous neoplasms
8892/0	Cellular leiomyoma	889-892	Myomatous neoplasms
8893/0	Bizarre leiomyoma	889-892	Myomatous neoplasms
8894/0	Angioleiomyoma	889-892	Myomatous neoplasms
8894/3	Angiomyosarcoma	889-892	Myomatous neoplasms
8895/0	Myoma	889-892	Myomatous neoplasms
8895/3	Myosarcoma	889-892	Myomatous neoplasms
8896/0	Myxoid leiomyoma	889-892	Myomatous neoplasms
8896/3	Myxoid leiomyosarcoma	889-892	Myomatous neoplasms
8897/1	Smooth muscle tumor of uncertain malignant potential	889-892	Myomatous neoplasms
8898/1	Metastasizing leiomyoma	889-892	Myomatous neoplasms
8900/0	Rhabdomyoma, NOS	889-892	Myomatous neoplasms
8900/3	Rhabdomyosarcoma, NOS	889-892	Myomatous neoplasms
8901/3	Pleomorphic rhabdomyosarcoma, adult type	889-892	Myomatous neoplasms
8902/3	Mixed type rhabdomyosarcoma	889-892	Myomatous neoplasms
8903/0	Fetal rhabdomyoma	889-892	Myomatous neoplasms
8904/0	Adult cellular rhabdomyoma	889-892	Myomatous neoplasms
8905/0	Genital rhabdomyoma	889-892	Myomatous neoplasms
8910/3	Embryonal rhabdomyosarcoma, NOS	889-892	Myomatous neoplasms
8912/3	Spindle cell rhabdomyosarcoma	889-892	Myomatous neoplasms
8920/3	Alveolar rhabdomyosarcoma	889-892	Myomatous neoplasms
8921/3	Ectomesenchymoma	889-892	Myomatous neoplasms
8930/0	Endometrial stromal nodule	893-899	Complex mixed and stromal neoplasms
8930/3	Endometrial stromal sarcoma, NOS	893-899	Complex mixed and stromal neoplasms
8931/3	Endometrial stromal sarcoma, low grade	893-899	Complex mixed and stromal neoplasms
8932/0	Adenomyoma, NOS	893-899	Complex mixed and stromal neoplasms
8933/3	Adenosarcoma	893-899	Complex mixed and stromal neoplasms
8934/3	Carcinofibroma	893-899	Complex mixed and stromal neoplasms
8935/0	Stromal tumor, benign	893-899	Complex mixed and stromal neoplasms
8935/1	Stromal tumor, NOS	893-899	Complex mixed and stromal neoplasms
8935/3	Stromal sarcoma, NOS	893-899	Complex mixed and stromal neoplasms
8936/3	Gastrointestinal stromal tumor	893-899	Complex mixed and stromal neoplasms
8940/0	Pleomorphic adenoma	893-899	Complex mixed and stromal neoplasms
8940/3	Mixed tumor, malignant, NOS	893-899	Complex mixed and stromal neoplasms
8941/3	Carcinoma ex pleomorphic adenoma	893-899	Complex mixed and stromal neoplasms
8950/3	Mullerian mixed tumor	893-899	Complex mixed and stromal neoplasms
8951/3	Mesodermal mixed tumor	893-899	Complex mixed and stromal neoplasms
8959/0	Benign cystic nephroma	893-899	Complex mixed and stromal neoplasms
8959/1	Cystic partially differentiated nephroblastoma	893-899	Complex mixed and stromal neoplasms
8959/3	Malignant cystic nephroma	893-899	Complex mixed and stromal neoplasms
8960/1	Mesoblastic nephroma	893-899	Complex mixed and stromal neoplasms
8960/3	Nephroblastoma, NOS	893-899	Complex mixed and stromal neoplasms
8963/3	Rhabdoid tumor, NOS	893-899	Complex mixed and stromal neoplasms
8964/3	Clear cell sarcoma of kidney	893-899	Complex mixed and stromal neoplasms
8966/0	Renomedullary interstitial cell tumor	893-899	Complex mixed and stromal neoplasms
8967/0	Ossifying renal tumor	893-899	Complex mixed and stromal neoplasms
8970/3	Hepatoblastoma, NOS	893-899	Complex mixed and stromal neoplasms
8971/3	Pancreatoblastoma	893-899	Complex mixed and stromal neoplasms
8972/3	Pulmonary blastoma	893-899	Complex mixed and stromal neoplasms
8973/3	Pleuropulmonary blastoma	893-899	Complex mixed and stromal neoplasms
8974/1	Sialoblastoma	893-899	Complex mixed and stromal neoplasms
8975/1	Calcifying nested stromal-epithelial tumor	893-899	Complex mixed and stromal neoplasms
8980/3	Carcinosarcoma, NOS	893-899	Complex mixed and stromal neoplasms
8981/3	Carcinosarcoma, embryonal	893-899	Complex mixed and stromal neoplasms
8982/0	Myoepithelioma, NOS	893-899	Complex mixed and stromal neoplasms
8982/3	Myoepithelial carcinoma	893-899	Complex mixed and stromal neoplasms
8983/0	Adenomyoepithelioma, NOS	893-899	Complex mixed and stromal neoplasms
8983/3	Adenomyoepithelioma with carcinoma	893-899	Complex mixed and stromal neoplasms
8990/0	Mesenchymoma, benign	893-899	Complex mixed and stromal neoplasms
8990/1	Mesenchymoma, NOS	893-899	Complex mixed and stromal neoplasms
8990/3	Mesenchymoma, malignant	893-899	Complex mixed and stromal neoplasms
8991/3	Embryonal sarcoma	893-899	Complex mixed and stromal neoplasms
8992/0	Pulmonary hamartoma	893-899	Complex mixed and stromal neoplasms
9000/0	Brenner tumor, NOS	900-903	Fibroepithelial neoplasms
9000/1	Brenner tumor, borderline malignancy	900-903	Fibroepithelial neoplasms
9000/3	Brenner tumor, malignant	900-903	Fibroepithelial neoplasms
9010/0	Fibroadenoma, NOS	900-903	Fibroepithelial neoplasms
9011/0	Intracanalicular fibroadenoma	900-903	Fibroepithelial neoplasms
9012/0	Pericanalicular fibroadenoma	900-903	Fibroepithelial neoplasms
9013/0	Adenofibroma, NOS	900-903	Fibroepithelial neoplasms
9014/0	Serous adenofibroma, NOS	900-903	Fibroepithelial neoplasms
9014/1	Serous adenofibroma of borderline malignancy	900-903	Fibroepithelial neoplasms
9014/3	Serous adenocarcinofibroma	900-903	Fibroepithelial neoplasms
9015/0	Mucinous adenofibroma, NOS	900-903	Fibroepithelial neoplasms
9015/1	Mucinous adenofibroma of borderline malignancy	900-903	Fibroepithelial neoplasms
9015/3	Mucinous adenocarcinofibroma	900-903	Fibroepithelial neoplasms
9016/0	Giant fibroadenoma	900-903	Fibroepithelial neoplasms
9020/0	Phyllodes tumor, benign	900-903	Fibroepithelial neoplasms
9020/1	Phyllodes tumor, borderline	900-903	Fibroepithelial neoplasms
9020/3	Phyllodes tumor, malignant	900-903	Fibroepithelial neoplasms
9030/0	Juvenile fibroadenoma	900-903	Fibroepithelial neoplasms
9040/0	Synovioma, benign	904	Synovial-like neoplasms
9040/3	Synovial sarcoma, NOS	904	Synovial-like neoplasms
9041/3	Synovial sarcoma, spindle cell	904	Synovial-like neoplasms
9042/3	Synovial sarcoma, epithelioid cell	904	Synovial-like neoplasms
9043/3	Synovial sarcoma, biphasic	904	Synovial-like neoplasms
9044/3	Clear cell sarcoma, NOS	904	Synovial-like neoplasms
9045/3	Biphenotypic sinonasal sarcoma	904	Synovial-like neoplasms
9050/0	Mesothelioma, benign	905	Mesothelial neoplasms
9050/3	Mesothelioma, malignant	905	Mesothelial neoplasms
9051/0	Fibrous mesothelioma, benign	905	Mesothelial neoplasms
9051/3	Fibrous mesothelioma, malignant	905	Mesothelial neoplasms
9052/0	Epithelioid mesothelioma, benign	905	Mesothelial neoplasms
9052/1	Well differentiated papillary mesothelioma of the pleura	905	Mesothelial neoplasms
9052/3	Epithelioid mesothelioma, malignant	905	Mesothelial neoplasms
9053/3	Mesothelioma, biphasic, malignant	905	Mesothelial neoplasms
9054/0	Adenomatoid tumor, NOS	905	Mesothelial neoplasms
9055/0	Peritoneal inclusion cysts	905	Mesothelial neoplasms
9060/3	Dysgerminoma	906-909	Germ cell neoplasms
9061/3	Seminoma, NOS	906-909	Germ cell neoplasms
9062/3	Seminoma, anaplastic	906-909	Germ cell neoplasms
9063/3	Spermatocytic seminoma	906-909	Germ cell neoplasms
9064/2	Intratubular malignant germ cells	906-909	Germ cell neoplasms
9064/3	Germinoma	906-909	Germ cell neoplasms
9065/3	Germ cell tumor, nonseminomatous	906-909	Germ cell neoplasms
9070/3	Embryonal carcinoma, NOS	906-909	Germ cell neoplasms
9071/3	Yolk sac tumor, NOS	906-909	Germ cell neoplasms
9072/3	Polyembryoma	906-909	Germ cell neoplasms
9073/1	Gonadoblastoma	906-909	Germ cell neoplasms
9080/0	Teratoma, benign	906-909	Germ cell neoplasms
9080/1	Teratoma, NOS	906-909	Germ cell neoplasms
9080/3	Teratoma, malignant, NOS	906-909	Germ cell neoplasms
9081/3	Teratocarcinoma	906-909	Germ cell neoplasms
9082/3	Malignant teratoma, undifferentiated	906-909	Germ cell neoplasms
9083/3	Malignant teratoma, intermediate	906-909	Germ cell neoplasms
9084/0	Dermoid cyst, NOS	906-909	Germ cell neoplasms
9084/3	Teratoma with malignant transformation	906-909	Germ cell neoplasms
9085/3	Mixed germ cell tumor	906-909	Germ cell neoplasms
9086/3	Germ cell tumor with associated hematological malignancy	906-909	Germ cell neoplasms
9090/0	Struma ovarii, NOS	906-909	Germ cell neoplasms
9090/3	Struma ovarii, malignant	906-909	Germ cell neoplasms
9091/1	Strumal carcinoid	906-909	Germ cell neoplasms
9100/0	Hydatidiform mole, NOS	910	Trophoblastic neoplasms
9100/1	Invasive hydatidiform mole	910	Trophoblastic neoplasms
9100/3	Choriocarcinoma, NOS	910	Trophoblastic neoplasms
9101/3	Choriocarcinoma combined with other germ cell elements	910	Trophoblastic neoplasms
9102/3	Malignant teratoma, trophoblastic	910	Trophoblastic neoplasms
9103/0	Partial hydatidiform mole	910	Trophoblastic neoplasms
9104/1	Placental site trophoblastic tumor	910	Trophoblastic neoplasms
9105/3	Trophoblastic tumor, epithelioid	910	Trophoblastic neoplasms
9110/0	Adenoma of rete ovarii	911	Mesonephromas
9110/1	Wolffian tumor	911	Mesonephromas
9110/3	Mesonephroma, malignant	911	Mesonephromas
9120/0	Hemangioma, NOS	912-916	Blood vessel tumors
9120/3	Hemangiosarcoma	912-916	Blood vessel tumors
9121/0	Cavernous hemangioma	912-916	Blood vessel tumors
9122/0	Venous hemangioma	912-916	Blood vessel tumors
9123/0	Racemose hemangioma	912-916	Blood vessel tumors
9124/3	Kupffer cell sarcoma	912-916	Blood vessel tumors
9125/0	Epithelioid hemangioma	912-916	Blood vessel tumors
9126/0	Atypical vascular lesion	912-916	Blood vessel tumors
9130/0	Hemangioendothelioma, benign	912-916	Blood vessel tumors
9130/1	Hemangioendothelioma, NOS	912-916	Blood vessel tumors
9130/3	Hemangioendothelioma, malignant	912-916	Blood vessel tumors
9131/0	Capillary hemangioma	912-916	Blood vessel tumors
9132/0	Intramuscular hemangioma	912-916	Blood vessel tumors
9133/3	Epithelioid hemangioendothelioma, NOS	912-916	Blood vessel tumors
9135/1	Papillary intralymphatic angioendothelioma	912-916	Blood vessel tumors
9136/1	Spindle cell hemangioendothelioma	912-916	Blood vessel tumors
9137/0	Myointimoma	912-916	Blood vessel tumors
9137/3	Intimal sarcoma	912-916	Blood vessel tumors
9138/1	Pseudomyogenic (epithelioid sarcoma-like) hemangioendothelioma	912-916	Blood vessel tumors
9140/3	Kaposi sarcoma	912-916	Blood vessel tumors
9141/0	Angiokeratoma	912-916	Blood vessel tumors
9142/0	Verrucous keratotic hemangioma	912-916	Blood vessel tumors
9160/0	Angiofibroma, NOS	912-916	Blood vessel tumors
9161/0	Acquired tufted hemangioma	912-916	Blood vessel tumors
9161/1	Hemangioblastoma	912-916	Blood vessel tumors
9170/0	Lymphangioma, NOS	917	Lymphatic vessel tumors
9170/3	Lymphangiosarcoma	917	Lymphatic vessel tumors
9171/0	Capillary lymphangioma	917	Lymphatic vessel tumors
9172/0	Cavernous lymphangioma	917	Lymphatic vessel tumors
9173/0	Cystic lymphangioma	917	Lymphatic vessel tumors
9174/0	Lymphangiomyoma	917	Lymphatic vessel tumors
9174/1	Lymphangioleiomyomatosis	917	Lymphatic vessel tumors
9175/0	Hemolymphangioma	917	Lymphatic vessel tumors
9180/0	Osteoma, NOS	918-924	Osseous and chondromatous neoplasms
9180/3	Osteosarcoma, NOS	918-924	Osseous and chondromatous neoplasms
9181/3	Chondroblastic osteosarcoma	918-924	Osseous and chondromatous neoplasms
9182/3	Fibroblastic osteosarcoma	918-924	Osseous and chondromatous neoplasms
9183/3	Telangiectatic osteosarcoma	918-924	Osseous and chondromatous neoplasms
9184/3	Osteosarcoma in Paget disease of bone	918-924	Osseous and chondromatous neoplasms
9185/3	Small cell osteosarcoma	918-924	Osseous and chondromatous neoplasms
9186/3	Central osteosarcoma, NOS	918-924	Osseous and chondromatous neoplasms
9187/3	Low grade central osteosarcoma	918-924	Osseous and chondromatous neoplasms
9191/0	Osteoid osteoma, NOS	918-924	Osseous and chondromatous neoplasms
9192/3	Parosteal osteosarcoma	918-924	Osseous and chondromatous neoplasms
9193/3	Periosteal osteosarcoma	918-924	Osseous and chondromatous neoplasms
9194/3	High grade surface osteosarcoma	918-924	Osseous and chondromatous neoplasms
9195/3	Intracortical osteosarcoma	918-924	Osseous and chondromatous neoplasms
9200/0	Osteoblastoma, NOS	918-924	Osseous and chondromatous neoplasms
9200/1	Aggressive osteoblastoma	918-924	Osseous and chondromatous neoplasms
9210/0	Osteochondroma	918-924	Osseous and chondromatous neoplasms
9210/1	Osteochondromatosis, NOS	918-924	Osseous and chondromatous neoplasms
9211/0	Osteochondromyxoma	918-924	Osseous and chondromatous neoplasms
9212/0	Bizarre parosteal osteochondromatous proliferation	918-924	Osseous and chondromatous neoplasms
9213/0	Subungual exostosis	918-924	Osseous and chondromatous neoplasms
9220/0	Chondroma, NOS	918-924	Osseous and chondromatous neoplasms
9220/1	Chondromatosis, NOS	918-924	Osseous and chondromatous neoplasms
9220/3	Chondrosarcoma, NOS	918-924	Osseous and chondromatous neoplasms
9221/0	Periosteal chondroma	918-924	Osseous and chondromatous neoplasms
9221/3	Periosteal chondrosarcoma	918-924	Osseous and chondromatous neoplasms
9222/1	Atypical cartilaginous tumor	918-924	Osseous and chondromatous neoplasms
9230/1	Chondroblastoma, NOS	918-924	Osseous and chondromatous neoplasms
9230/3	Chondroblastoma, malignant	918-924	Osseous and chondromatous neoplasms
9231/3	Myxoid chondrosarcoma	918-924	Osseous and chondromatous neoplasms
9240/3	Mesenchymal chondrosarcoma	918-924	Osseous and chondromatous neoplasms
9241/0	Chondromyxoid fibroma	918-924	Osseous and chondromatous neoplasms
9242/3	Clear cell chondrosarcoma	918-924	Osseous and chondromatous neoplasms
9243/3	Dedifferentiated chondrosarcoma	918-924	Osseous and chondromatous neoplasms
9250/1	Giant cell tumor of bone, NOS	925	Giant cell tumors
9250/3	Giant cell tumor of bone, malignant	925	Giant cell tumors
9251/1	Giant cell tumor of soft parts, NOS	925	Giant cell tumors
9251/3	Malignant giant cell tumor of soft parts	925	Giant cell tumors
9252/0	Tenosynovial giant cell tumor, NOS	925	Giant cell tumors
9252/1	Tenosynovial giant cell tumor, diffuse	925	Giant cell tumors
9252/3	Malignant tenosynovial giant cell tumor	925	Giant cell tumors
9260/0	Aneurysmal bone cyst	926	Miscellaneous bone tumors
9261/3	Adamantinoma of long bones	926	Miscellaneous bone tumors
9262/0	Ossifying fibroma	926	Miscellaneous bone tumors
9270/0	Odontogenic tumor, benign	927-934	Odontogenic tumors
9270/1	Odontogenic tumor, NOS	927-934	Odontogenic tumors
9270/3	Odontogenic tumor, malignant	927-934	Odontogenic tumors
9271/0	Ameloblastic fibrodentinoma	927-934	Odontogenic tumors
9272/0	Cementoma, NOS	927-934	Odontogenic tumors
9273/0	Cementoblastoma, benign	927-934	Odontogenic tumors
9274/0	Cemento-ossifying fibroma	927-934	Odontogenic tumors
9275/0	Gigantiform cementoma	927-934	Odontogenic tumors
9280/0	Odontoma, NOS	927-934	Odontogenic tumors
9281/0	Compound odontoma	927-934	Odontogenic tumors
9282/0	Complex odontoma	927-934	Odontogenic tumors
9290/0	Ameloblastic fibro-odontoma	927-934	Odontogenic tumors
9290/3	Ameloblastic odontosarcoma	927-934	Odontogenic tumors
9300/0	Adenomatoid odontogenic tumor	927-934	Odontogenic tumors
9301/0	Calcifying odontogenic cyst	927-934	Odontogenic tumors
9302/0	Dentinogenic ghost cell tumor	927-934	Odontogenic tumors
9302/3	Ghost cell odontogenic carcinoma	927-934	Odontogenic tumors
9310/0	Ameloblastoma, NOS	927-934	Odontogenic tumors
9310/3	Ameloblastoma, metastasizing	927-934	Odontogenic tumors
9311/0	Odontoameloblastoma	927-934	Odontogenic tumors
9312/0	Squamous odontogenic tumor	927-934	Odontogenic tumors
9320/0	Odontogenic myxoma	927-934	Odontogenic tumors
9321/0	Odontogenic fibroma, NOS	927-934	Odontogenic tumors
9322/0	Peripheral odontogenic fibroma	927-934	Odontogenic tumors
9330/0	Ameloblastic fibroma	927-934	Odontogenic tumors
9330/3	Ameloblastic fibrosarcoma	927-934	Odontogenic tumors
9340/0	Calcifying epithelial odontogenic tumor	927-934	Odontogenic tumors
9341/3	Clear cell odontogenic carcinoma	927-934	Odontogenic tumors
9342/3	Odontogenic carcinosarcoma	927-934	Odontogenic tumors
9350/1	Craniopharyngioma	935-937	Miscellaneous tumors
9351/1	Craniopharyngioma, adamantinomatous	935-937	Miscellaneous tumors
9352/1	Craniopharyngioma, papillary	935-937	Miscellaneous tumors
9360/1	Pinealoma	935-937	Miscellaneous tumors
9361/1	Pineocytoma	935-937	Miscellaneous tumors
9362/3	Pineoblastoma	935-937	Miscellaneous tumors
9363/0	Melanotic neuroectodermal tumor	935-937	Miscellaneous tumors
9364/3	Ewing sarcoma	935-937	Miscellaneous tumors
9365/3	Askin tumor	935-937	Miscellaneous tumors
9370/0	Benign notochordal tumor	935-937	Miscellaneous tumors
9370/3	Chordoma, NOS	935-937	Miscellaneous tumors
9371/3	Chondroid chordoma	935-937	Miscellaneous tumors
9372/3	Dedifferentiated chordoma	935-937	Miscellaneous tumors
9373/0	Parachordoma	935-937	Miscellaneous tumors
9380/3	Glioma, malignant	938-948	Gliomas
9381/3	Gliomatosis cerebri	938-948	Gliomas
9382/3	Oligoastrocytoma, NOS	938-948	Gliomas
9383/1	Subependymoma	938-948	Gliomas
9384/1	Subependymal giant cell astrocytoma	938-948	Gliomas
9385/3	Diffuse midline glioma, H3 K27M-mutant	938-948	Gliomas
9390/0	Choroid plexus papilloma, NOS	938-948	Gliomas
9390/1	Atypical choroid plexus papilloma	938-948	Gliomas
9390/3	Choroid plexus carcinoma	938-948	Gliomas
9391/1	Sellar ependymoma	938-948	Gliomas
9391/3	Ependymoma, NOS	938-948	Gliomas
9392/3	Ependymoma, anaplastic	938-948	Gliomas
9393/3	Papillary ependymoma	938-948	Gliomas
9394/1	Myxopapillary ependymoma	938-948	Gliomas
9395/3	Papillary tumor of the pineal region	938-948	Gliomas
9396/3	Ependymoma, RELA fusion-positive	938-948	Gliomas
9400/3	Astrocytoma, NOS	938-948	Gliomas
9401/3	Astrocytoma, anaplastic	938-948	Gliomas
9410/3	Protoplasmic astrocytoma	938-948	Gliomas
9411/3	Gemistocytic astrocytoma, NOS	938-948	Gliomas
9412/1	Desmoplastic infantile astrocytoma	938-948	Gliomas
9413/0	Dysembryoplastic neuroepithelial tumor	938-948	Gliomas
9420/3	Fibrillary astrocytoma	938-948	Gliomas
9421/1	Pilocytic astrocytoma	938-948	Gliomas
9423/3	Polar spongioblastoma	938-948	Gliomas
9424/3	Pleomorphic xanthoastrocytoma	938-948	Gliomas
9425/3	Pilomyxoid astrocytoma	938-948	Gliomas
9430/3	Astroblastoma	938-948	Gliomas
9431/1	Angiocentric glioma	938-948	Gliomas
9432/1	Pituicytoma	938-948	Gliomas
9440/3	Glioblastoma, NOS	938-948	Gliomas
9441/3	Giant cell glioblastoma	938-948	Gliomas
9442/1	Gliofibroma	938-948	Gliomas
9442/3	Gliosarcoma	938-948	Gliomas
9444/1	Chordoid glioma	938-948	Gliomas
9445/3	Glioblastoma, IDH-mutant	938-948	Gliomas
9450/3	Oligodendroglioma, NOS	938-948	Gliomas
9451/3	Oligodendroglioma, anaplastic, NOS	938-948	Gliomas
9460/3	Oligodendroblastoma	938-948	Gliomas
9470/3	Medulloblastoma, NOS	938-948	Gliomas
9471/3	Desmoplastic nodular medulloblastoma	938-948	Gliomas
9472/3	Medullomyoblastoma	938-948	Gliomas
9473/3	CNS embryonal tumor, NOS	938-948	Gliomas
9474/3	Large cell medulloblastoma	938-948	Gliomas
9475/3	Medullobloastoma, WNT-activated, NOS	938-948	Gliomas
9476/3	Medulloblastoma, SHH-activated and TP53-mutant	938-948	Gliomas
9477/3	Medulloblastoma, non-WNT/non-SHH	938-948	Gliomas
9478/3	Embryonal tumor with multilayered rosettes with C19MC alteration	938-948	Gliomas
9480/3	Cerebellar sarcoma, NOS	938-948	Gliomas
9490/0	Ganglioneuroma	949-952	Neuroepitheliomatous neoplasms
9490/3	Ganglioneuroblastoma	949-952	Neuroepitheliomatous neoplasms
9491/0	Ganglioneuromatosis	949-952	Neuroepitheliomatous neoplasms
9492/0	Gangliocytoma, NOS	949-952	Neuroepitheliomatous neoplasms
9493/0	Dysplastic gangliocytoma of cerebellum (Lhermitte-Duclos)	949-952	Neuroepitheliomatous neoplasms
9500/3	Neuroblastoma, NOS	949-952	Neuroepitheliomatous neoplasms
9501/0	Medulloepithelioma, benign	949-952	Neuroepitheliomatous neoplasms
9501/3	Medulloepithelioma, NOS	949-952	Neuroepitheliomatous neoplasms
9502/0	Teratoid medulloepithelioma, benign	949-952	Neuroepitheliomatous neoplasms
9502/3	Teratoid medulloepithelioma, NOS	949-952	Neuroepitheliomatous neoplasms
9503/3	Neuroepithelioma, NOS	949-952	Neuroepitheliomatous neoplasms
9504/3	Spongioneuroblastoma	949-952	Neuroepitheliomatous neoplasms
9505/1	Ganglioglioma, NOS	949-952	Neuroepitheliomatous neoplasms
9505/3	Ganglioglioma, anaplastic	949-952	Neuroepitheliomatous neoplasms
9506/1	Central neurocytoma	949-952	Neuroepitheliomatous neoplasms
9507/0	Pacinian tumor	949-952	Neuroepitheliomatous neoplasms
9508/3	Atypical teratoid/rhabdoid tumor	949-952	Neuroepitheliomatous neoplasms
9509/1	Papillary glioneuronal tumor	949-952	Neuroepitheliomatous neoplasms
9510/0	Retinocytoma	949-952	Neuroepitheliomatous neoplasms
9510/3	Retinoblastoma, NOS	949-952	Neuroepitheliomatous neoplasms
9511/3	Retinoblastoma, differentiated	949-952	Neuroepitheliomatous neoplasms
9512/3	Retinoblastoma, undifferentiated	949-952	Neuroepitheliomatous neoplasms
9513/3	Retinoblastoma, diffuse	949-952	Neuroepitheliomatous neoplasms
9514/1	Retinoblastoma, spontaneously regressed	949-952	Neuroepitheliomatous neoplasms
9520/3	Olfactory neurogenic tumor	949-952	Neuroepitheliomatous neoplasms
9521/3	Olfactory neurocytoma	949-952	Neuroepitheliomatous neoplasms
9522/3	Olfactory neuroblastoma	949-952	Neuroepitheliomatous neoplasms
9523/3	Olfactory neuroepithelioma	949-952	Neuroepitheliomatous neoplasms
9530/0	Meningioma, NOS	953	Meningiomas
9530/3	Meningioma, malignant	953	Meningiomas
9531/0	Meningothelial meningioma	953	Meningiomas
9532/0	Fibrous meningioma	953	Meningiomas
9533/0	Psammomatous meningioma	953	Meningiomas
9534/0	Angiomatous meningioma	953	Meningiomas
9535/0	Hemangioblastic meningioma	953	Meningiomas
9537/0	Transitional meningioma	953	Meningiomas
9538/1	Clear cell meningioma	953	Meningiomas
9538/3	Papillary meningioma	953	Meningiomas
9539/1	Atypical meningioma	953	Meningiomas
9539/3	Meningeal sarcomatosis	953	Meningiomas
9540/0	Neurofibroma, NOS	954-957	Nerve sheath tumors
9540/3	Malignant peripheral nerve sheath tumor, NOS	954-957	Nerve sheath tumors
9541/0	Melanotic neurofibroma	954-957	Nerve sheath tumors
9542/3	Malignant peripheral nerve sheath tumor, epithelioid	954-957	Nerve sheath tumors
9550/0	Plexiform neurofibroma	954-957	Nerve sheath tumors
9560/0	Schwannoma, NOS	954-957	Nerve sheath tumors
9560/1	Melanotic schwannoma	954-957	Nerve sheath tumors
9560/3	Neurilemoma, malignant	954-957	Nerve sheath tumors
9561/3	Malignant peripheral nerve sheath tumor with rhabdomyoblastic differentiation	954-957	Nerve sheath tumors
9562/0	Nerve sheath myxoma	954-957	Nerve sheath tumors
9563/0	Nerve sheath tumor, NOS	954-957	Nerve sheath tumors
9570/0	Neuroma, NOS	954-957	Nerve sheath tumors
9571/0	Perineurioma, NOS	954-957	Nerve sheath tumors
9571/3	Perineurioma, malignant	954-957	Nerve sheath tumors
9580/0	Granular cell tumor, NOS	958	Granular cell tumors and alveolar soft part sarcomas
9580/3	Granular cell tumor, malignant	958	Granular cell tumors and alveolar soft part sarcomas
9581/3	Alveolar soft part sarcoma	958	Granular cell tumors and alveolar soft part sarcomas
9582/0	Granular cell tumor of the sellar region	958	Granular cell tumors and alveolar soft part sarcomas
9590/3	Malignant lymphoma, NOS	959-972	Hodgkin and non-Hodgkin lymphomas
9591/1	Monoclonal B-cell lymphocytosis, NOS	959-972	Hodgkin and non-Hodgkin lymphomas
9591/3	Malignant lymphoma, non-Hodgkin, NOS	959-972	Hodgkin and non-Hodgkin lymphomas
9596/3	Composite Hodgkin and non-Hodgkin lymphoma	959-972	Hodgkin and non-Hodgkin lymphomas
9597/3	Primary cutaneous follicle centre lymphoma	959-972	Hodgkin and non-Hodgkin lymphomas
9650/3	Hodgkin lymphoma, NOS	959-972	Hodgkin and non-Hodgkin lymphomas
9651/3	Hodgkin lymphoma, lymphocyte-rich	959-972	Hodgkin and non-Hodgkin lymphomas
9652/3	Hodgkin lymphoma, mixed cellularity, NOS	959-972	Hodgkin and non-Hodgkin lymphomas
9653/3	Hodgkin lymphoma, lymphocyte depletion, NOS	959-972	Hodgkin and non-Hodgkin lymphomas
9654/3	Hodgkin lymphoma, lymphocyte depletion, diffuse fibrosis	959-972	Hodgkin and non-Hodgkin lymphomas
9655/3	Hodgkin lymphoma, lymphocyte depletion, reticular	959-972	Hodgkin and non-Hodgkin lymphomas
9659/3	Hodgkin lymphoma, nodular lymphocyte predominant	959-972	Hodgkin and non-Hodgkin lymphomas
9661/3	Hodgkin granuloma	959-972	Hodgkin and non-Hodgkin lymphomas
9662/3	Hodgkin sarcoma	959-972	Hodgkin and non-Hodgkin lymphomas
9663/3	Hodgkin lymphoma, nodular sclerosis, NOS	959-972	Hodgkin and non-Hodgkin lymphomas
9664/3	Hodgkin lymphoma, nodular sclerosis, cellular phase	959-972	Hodgkin and non-Hodgkin lymphomas
9665/3	Hodgkin lymphoma, nodular sclerosis, grade 1	959-972	Hodgkin and non-Hodgkin lymphomas
9667/3	Hodgkin lymphoma, nodular sclerosis, grade 2	959-972	Hodgkin and non-Hodgkin lymphomas
9671/3	Lymphoplasmacytic lymphoma	959-972	Hodgkin and non-Hodgkin lymphomas
9673/1	In situ mantle cell neoplasia	959-972	Hodgkin and non-Hodgkin lymphomas
9673/3	Mantle cell lymphoma	959-972	Hodgkin and non-Hodgkin lymphomas
9675/3	Malignant lymphoma, mixed small and large cell, diffuse	959-972	Hodgkin and non-Hodgkin lymphomas
9678/3	Primary effusion lymphoma	959-972	Hodgkin and non-Hodgkin lymphomas
9679/3	Mediastinal large B-cell lymphoma	959-972	Hodgkin and non-Hodgkin lymphomas
9680/1	EBV positive mucocutaneous ulcer	959-972	Hodgkin and non-Hodgkin lymphomas
9680/3	Diffuse large B-cell lymphoma, NOS	959-972	Hodgkin and non-Hodgkin lymphomas
9684/3	Malignant lymphoma, large B-cell, diffuse, immunoblastic, NOS	959-972	Hodgkin and non-Hodgkin lymphomas
9687/3	Burkitt lymphoma, NOS	959-972	Hodgkin and non-Hodgkin lymphomas
9688/3	T-cell/histiocyte rich large B-cell lymphoma	959-972	Hodgkin and non-Hodgkin lymphomas
9689/3	Splenic marginal zone B-cell lymphoma	959-972	Hodgkin and non-Hodgkin lymphomas
9690/3	Follicular lymphoma, NOS	959-972	Hodgkin and non-Hodgkin lymphomas
9691/3	Follicular lymphoma, grade 2	959-972	Hodgkin and non-Hodgkin lymphomas
9695/1	In situ follicular neoplasia	959-972	Hodgkin and non-Hodgkin lymphomas
9695/3	Follicular lymphoma, grade 1	959-972	Hodgkin and non-Hodgkin lymphomas
9698/3	Follicular lymphoma, grade 3	959-972	Hodgkin and non-Hodgkin lymphomas
9699/3	Marginal zone B-cell lymphoma, NOS	959-972	Hodgkin and non-Hodgkin lymphomas
9700/3	Mycosis fungoides	959-972	Hodgkin and non-Hodgkin lymphomas
9701/3	Sezary syndrome	959-972	Hodgkin and non-Hodgkin lymphomas
9702/1	Indolent T-cell lymphoproliferative disorder of the gastrointestinal tract	959-972	Hodgkin and non-Hodgkin lymphomas
9702/3	Mature T-cell lymphoma, NOS	959-972	Hodgkin and non-Hodgkin lymphomas
9705/3	Angioimmunoblastic T-cell lymphoma	959-972	Hodgkin and non-Hodgkin lymphomas
9708/3	Subcutaneous panniculitis-like T-cell lymphoma	959-972	Hodgkin and non-Hodgkin lymphomas
9709/1	Primary cutaneous CD4-positive small/medium T-cell lymphoproliferative disorder	959-972	Hodgkin and non-Hodgkin lymphomas
9709/3	Cutaneous T-cell lymphoma, NOS	959-972	Hodgkin and non-Hodgkin lymphomas
9712/3	Intravascular large B-cell lymphoma	959-972	Hodgkin and non-Hodgkin lymphomas
9714/3	Anaplastic large cell lymphoma, T-cell and Null-cell type	959-972	Hodgkin and non-Hodgkin lymphomas
9715/3	Anaplastic large cell lymphoma, ALK negative	959-972	Hodgkin and non-Hodgkin lymphomas
9716/3	Hepatosplenic T-cell lymphoma	959-972	Hodgkin and non-Hodgkin lymphomas
9717/3	Intestinal T-cell lymphoma	959-972	Hodgkin and non-Hodgkin lymphomas
9718/1	Primary cutaneous CD30+T-cell lymphoproliferative disorder	959-972	Hodgkin and non-Hodgkin lymphomas
9718/3	Primary cutaneous anaplastic large cell lymphoma	959-972	Hodgkin and non-Hodgkin lymphomas
9719/3	NK/T-cell lymphoma, nasal and nasal type	959-972	Hodgkin and non-Hodgkin lymphomas
9724/3	Systemic EBV positive T-cell lymphoproliferative disease of childhood	959-972	Hodgkin and non-Hodgkin lymphomas
9725/1	Hydroa vacciniforme-like lymphoproliferative disorder	959-972	Hodgkin and non-Hodgkin lymphomas
9726/3	Primary cutaneous gamma-delta T-cell lymphoma	959-972	Hodgkin and non-Hodgkin lymphomas
9727/3	Precursor cell lymphoblastic lymphoma, NOS	959-972	Hodgkin and non-Hodgkin lymphomas
9731/3	Plasmacytoma, NOS	973	Plasma cell neoplasms
9732/3	Plasma cell myeloma	973	Plasma cell neoplasms
9733/3	Plasma cell leukemia	973	Plasma cell neoplasms
9734/3	Plasmacytoma, extramedullary	973	Plasma cell neoplasms
9735/3	Plasmablastic lymphoma	973	Plasma cell neoplasms
9737/3	ALK positive large B-cell lymphoma	973	Plasma cell neoplasms
9738/3	HHV8-positive diffuse large B-cell lymphoma	973	Plasma cell neoplasms
9740/1	Mastocytoma, NOS	974	Mast cell neoplasms
9740/3	Mast cell sarcoma	974	Mast cell neoplasms
9741/1	Indolent systemic mastocytosis	974	Mast cell neoplasms
9741/3	Malignant mastocytosis	974	Mast cell neoplasms
9742/3	Mast cell leukemia	974	Mast cell neoplasms
9749/3	Erdheim-Chester disease	974	Mast cell neoplasms
9750/3	Malignant histiocytosis	975	Neoplasms of histiocytes and accessory lymphoid cells
9751/1	Langerhans cell histiocytosis, NOS	975	Neoplasms of histiocytes and accessory lymphoid cells
9751/3	Langerhans cell histiocytosis, disseminated	975	Neoplasms of histiocytes and accessory lymphoid cells
9755/3	Histiocytic sarcoma	975	Neoplasms of histiocytes and accessory lymphoid cells
9756/3	Langerhans cell sarcoma	975	Neoplasms of histiocytes and accessory lymphoid cells
9757/3	Interdigitating dendritic cell sarcoma	975	Neoplasms of histiocytes and accessory lymphoid cells
9758/3	Follicular dendritic cell sarcoma	975	Neoplasms of histiocytes and accessory lymphoid cells
9759/3	Fibroblastic reticular cell tumor	975	Neoplasms of histiocytes and accessory lymphoid cells
9760/3	Immunoproliferative disease, NOS	976	Immunoproliferative diseases
9761/1	IgM monoclonal gammopathy of undetermined significance	976	Immunoproliferative diseases
9761/3	Waldenstrom macroglobulinemia	976	Immunoproliferative diseases
9762/3	Heavy chain disease, NOS	976	Immunoproliferative diseases
9764/3	Immunoproliferative small intestinal disease	976	Immunoproliferative diseases
9765/1	Monoclonal gammopathy of undetermined significance, NOS	976	Immunoproliferative diseases
9766/1	Angiocentric immunoproliferative lesion	976	Immunoproliferative diseases
9766/3	Lymphomatoid granulomatosis, grade 3	976	Immunoproliferative diseases
9767/1	Angioimmunoblastic lymphadenopathy (AIL)	976	Immunoproliferative diseases
9768/1	T-gamma lymphoproliferative disease	976	Immunoproliferative diseases
9769/1	Immunoglobulin deposition disease	976	Immunoproliferative diseases
9800/3	Leukemia, NOS	980-994	Leukemias
9801/3	Acute leukemia, NOS	980-994	Leukemias
9805/3	Acute biphenotypic leukemia	980-994	Leukemias
9806/3	Mixed phenotype acute leukemia with t(9;22)(q34;q11.2); BCR-ABL1	980-994	Leukemias
9807/3	Mixed phenotype acute leukemia with t(v;11q23); MLL rearranged	980-994	Leukemias
9808/3	Mixed phenotype acute leukemia, B/myeloid, NOS	980-994	Leukemias
9809/3	Mixed phenotype acute leukemia, T/myeloid, NOS	980-994	Leukemias
9811/3	B lymphoblastic leukemia/lymphoma, NOS	980-994	Leukemias
9812/3	B lymphoblastic leukemia/lymphoma with t(9;22)(q34;q11.2); BCR-ABL1	980-994	Leukemias
9813/3	B lymphoblastic leukemia/lymphoma with t(v;11q23); MLL rearranged	980-994	Leukemias
9814/3	B lymphoblastic leukemia/lymphoma with t(12;21)(p13;q22); TEL-AML1(ETV6-RUNX1)	980-994	Leukemias
9815/3	B lymphoblastic leukemia/lymphoma with hyperdiploidy	980-994	Leukemias
9816/3	B lymphoblastic leukemia/lymphoma with hypodiploidy(Hypodiploid ALL)	980-994	Leukemias
9817/3	B lymphoblastic leukemia/lymphoma with t(5;14)(q31;q32); IL3-IGH	980-994	Leukemias
9818/3	B lymphoblastic leukemia/lymphoma with t(1;19)(q23;p13.3); E2A-PBX1(TCF3-PBX1)	980-994	Leukemias
9819/3	B lymphoblastic leukemia/lymphoma, BCR-ABL1-like	980-994	Leukemias
9820/3	Lymphoid leukemia, NOS	980-994	Leukemias
9823/1	Monoclonal B-cell lymphocytosis, CLL type	980-994	Leukemias
9823/3	B-cell chronic lymphocytic leukemia/small lymphocytic lymphoma	980-994	Leukemias
9827/3	Adult T-cell leukemia/lymphoma (HTLV-1 positive)	980-994	Leukemias
9831/3	T-cell large granular lymphocytic leukemia	980-994	Leukemias
9832/3	Prolymphocytic leukemia, NOS	980-994	Leukemias
9833/3	Prolymphocytic leukemia, B-cell type	980-994	Leukemias
9834/3	Prolymphocytic leukemia, T-cell type	980-994	Leukemias
9835/3	Precursor cell lymphoblastic leukemia, NOS	980-994	Leukemias
9837/3	Precursor T-cell lymphoblastic leukemia	980-994	Leukemias
9840/3	Acute erythroid leukemia	980-994	Leukemias
9860/3	Myeloid leukemia, NOS	980-994	Leukemias
9861/3	Acute myeloid leukemia, NOS	980-994	Leukemias
9863/3	Chronic myeloid leukemia, NOS	980-994	Leukemias
9865/3	Acute myeloid leukemia with t(6;9)(p23;q34); DEK-NUP214	980-994	Leukemias
9866/3	Acute promyelocytic leukemia, t(15;17)(q22;q11-12)	980-994	Leukemias
9867/3	Acute myelomonocytic leukemia, NOS	980-994	Leukemias
9869/3	Acute myeloid leukemia with inv(3)(q21;q26.2) or t(3;3)(q21;q26.2); RPN1-EVI1	980-994	Leukemias
9870/3	Acute basophilic leukemia	980-994	Leukemias
9871/3	Acute myeloid leukemia with abnormal marrow eosinophils	980-994	Leukemias
9872/3	Acute myeloid leukemia, minimal differentiation	980-994	Leukemias
9873/3	Acute myeloid leukemia without maturation	980-994	Leukemias
9874/3	Acute myeloid leukemia with maturation	980-994	Leukemias
9875/3	Chronic myelogenous leukemia, BCR/ABL positive	980-994	Leukemias
9876/3	Atypical chronic myeloid leukemia, BCR/ABL negative	980-994	Leukemias
9877/3	Acute myeloid leukemia with mutated NPM1	980-994	Leukemias
9878/3	Acute myeloid leukemia with biallelic mutation of CEBPA	980-994	Leukemias
9879/3	Acute myeloid leukemia with mutated RUNX1	980-994	Leukemias
9891/3	Acute monocytic leukemia	980-994	Leukemias
9895/3	Acute myeloid leukemia with myelodysplasia-related changes	980-994	Leukemias
9896/3	Acute myeloid leukemia, t(8;21)(q22;q22)	980-994	Leukemias
9897/3	Acute myeloid leukemia, 11q23 abnormalities	980-994	Leukemias
9898/1	Transient abnormal myelopoiesis	980-994	Leukemias
9898/3	Myeloid leukemia associated with Down syndrome	980-994	Leukemias
9910/3	Acute megakaryoblastic leukemia	980-994	Leukemias
9911/3	Acute myeloid leukemia (megakaryoblastic) with t(1;22)(p13;q13); RBM15-MKL1	980-994	Leukemias
9912/3	Acute myleoid leukemia with BCR-ABL1	980-994	Leukemias
9920/3	Therapy-related myeloid neoplasm	980-994	Leukemias
9930/3	Myeloid sarcoma	980-994	Leukemias
9931/3	Acute panmyelosis with myelofibrosis	980-994	Leukemias
9940/3	Hairy cell leukemia, NOS	980-994	Leukemias
9945/3	Chronic myelomonocytic leukemia, NOS	980-994	Leukemias
9946/3	Juvenile myelomonocytic leukemia, NOS	980-994	Leukemias
9948/3	Aggressive NK-cell leukemia	980-994	Leukemias
9950/3	Polycythemia vera	995-996	Myeloproliferative neoplasms
9960/3	Myeloproliferative neoplasm, NOS	995-996	Myeloproliferative neoplasms
9961/3	Primary myelofibrosis	995-996	Myeloproliferative neoplasms
9962/3	Essential thrombocythemia	995-996	Myeloproliferative neoplasms
9963/3	Chronic neutrophilic leukemia	995-996	Myeloproliferative neoplasms
9964/3	Chronic eosinophilic leukemia	995-996	Myeloproliferative neoplasms
9965/3	Myeloid or lymphoid neoplasm with PDGFRA rearrangement	995-996	Myeloproliferative neoplasms
9966/3	Myeloid neoplasm with PDGFRB rearrangement	995-996	Myeloproliferative neoplasms
9967/3	Myeloid or lymphoid neoplasm with FGFR1 abnormalities	995-996	Myeloproliferative neoplasms
9968/3	Myeloid or lymphoid neoplasm with PCM1-JAK2	995-996	Myeloproliferative neoplasms
9970/1	Lymphoproliferative disorder, NOS	997	Other hematological neoplasms
9971/1	Post transplant lymphoproliferative disorder, NOS	997	Other hematological neoplasms
9975/3	Myeloproliferative neoplasm, unclassifiable	997	Other hematological neoplasms
9980/3	Myelodysplastic syndrome with single lineage dysplasia	998-999	Myelodysplastic syndromes
9982/3	Myelodysplastic syndrome with ring sideroblasts and single lineage dysplasia	998-999	Myelodysplastic syndromes
9983/3	Myelodysplastic syndrome with excess blasts	998-999	Myelodysplastic syndromes
9984/3	Refractory anemia with excess blasts in transformation	998-999	Myelodysplastic syndromes
9985/3	Myelodysplastic syndrome with multilineage dysplasia	998-999	Myelodysplastic syndromes
9986/3	Myelodysplastic syndrome with isolated del (5q)	998-999	Myelodysplastic syndromes
9987/3	Therapy-related myelodysplastic syndrome, NOS	998-999	Myelodysplastic syndromes
9989/3	Myelodysplastic syndrome, NOS	998-999	Myelodysplastic syndromes
9993/3	Myelodysplastic syndrome with ring sideroblasts and multilineage dysplasia	998-999	Myelodysplastic syndromes
8000/2	unknown	800	Neoplasms, NOS
8004/1	unknown	800	Neoplasms, NOS
8010/1	unknown	801-804	Epithelial neoplasms, NOS
8011/2	unknown	801-804	Epithelial neoplasms, NOS
8012/2	unknown	801-804	Epithelial neoplasms, NOS
8014/2	unknown	801-804	Epithelial neoplasms, NOS
8020/2	unknown	801-804	Epithelial neoplasms, NOS
8022/2	unknown	801-804	Epithelial neoplasms, NOS
8030/2	unknown	801-804	Epithelial neoplasms, NOS
8032/2	unknown	801-804	Epithelial neoplasms, NOS
8040/3	unknown	801-804	Epithelial neoplasms, NOS
8041/2	unknown	801-804	Epithelial neoplasms, NOS
8046/2	unknown	801-804	Epithelial neoplasms, NOS
8050/1	unknown	805-808	Squamous cell neoplasms
8051/2	unknown	805-808	Squamous cell neoplasms
8053/2	unknown	805-808	Squamous cell neoplasms
8053/3	unknown	805-808	Squamous cell neoplasms
8060/3	unknown	805-808	Squamous cell neoplasms
8072/2	unknown	805-808	Squamous cell neoplasms
8073/2	unknown	805-808	Squamous cell neoplasms
8074/2	unknown	805-808	Squamous cell neoplasms
8075/2	unknown	805-808	Squamous cell neoplasms
8077/3	unknown	805-808	Squamous cell neoplasms
8080/3	unknown	805-808	Squamous cell neoplasms
8081/3	unknown	805-808	Squamous cell neoplasms
8083/2	unknown	805-808	Squamous cell neoplasms
8085/2	unknown	805-808	Squamous cell neoplasms
8086/2	unknown	805-808	Squamous cell neoplasms
8090/2	unknown	809-811	Basal cell neoplasms
8091/2	unknown	809-811	Basal cell neoplasms
8094/2	unknown	809-811	Basal cell neoplasms
8103/3	unknown	809-811	Basal cell neoplasms
8121/2	unknown	812-813	Transitional cell papillomas and carcinomas
8123/2	unknown	812-813	Transitional cell papillomas and carcinomas
8124/2	unknown	812-813	Transitional cell papillomas and carcinomas
8131/2	unknown	812-813	Transitional cell papillomas and carcinomas
8143/2	unknown	814-838	Adenomas and adenocarcinomas
8144/2	unknown	814-838	Adenomas and adenocarcinomas
8145/2	unknown	814-838	Adenomas and adenocarcinomas
8146/2	unknown	814-838	Adenomas and adenocarcinomas
8146/3	unknown	814-838	Adenomas and adenocarcinomas
8147/2	unknown	814-838	Adenomas and adenocarcinomas
8148/3	unknown	814-838	Adenomas and adenocarcinomas
8149/3	unknown	814-838	Adenomas and adenocarcinomas
8158/1	unknown	814-838	Adenomas and adenocarcinomas
8160/2	unknown	814-838	Adenomas and adenocarcinomas
8162/2	unknown	814-838	Adenomas and adenocarcinomas
8170/2	unknown	814-838	Adenomas and adenocarcinomas
8172/0	unknown	814-838	Adenomas and adenocarcinomas
8180/2	unknown	814-838	Adenomas and adenocarcinomas
8200/2	unknown	814-838	Adenomas and adenocarcinomas
8211/2	unknown	814-838	Adenomas and adenocarcinomas
8212/2	unknown	814-838	Adenomas and adenocarcinomas
8212/3	unknown	814-838	Adenomas and adenocarcinomas
8213/2	unknown	814-838	Adenomas and adenocarcinomas
8220/2	unknown	814-838	Adenomas and adenocarcinomas
8221/2	unknown	814-838	Adenomas and adenocarcinomas
8240/0	unknown	814-838	Adenomas and adenocarcinomas
8240/2	unknown	814-838	Adenomas and adenocarcinomas
8243/2	unknown	814-838	Adenomas and adenocarcinomas
8246/2	unknown	814-838	Adenomas and adenocarcinomas
8247/2	unknown	814-838	Adenomas and adenocarcinomas
8248/3	unknown	814-838	Adenomas and adenocarcinomas
8249/2	unknown	814-838	Adenomas and adenocarcinomas
8252/2	unknown	814-838	Adenomas and adenocarcinomas
8255/2	unknown	814-838	Adenomas and adenocarcinomas
8260/2	unknown	814-838	Adenomas and adenocarcinomas
8262/2	unknown	814-838	Adenomas and adenocarcinomas
8264/3	unknown	814-838	Adenomas and adenocarcinomas
8271/3	unknown	814-838	Adenomas and adenocarcinomas
8272/1	unknown	814-838	Adenomas and adenocarcinomas
8290/2	unknown	814-838	Adenomas and adenocarcinomas
8310/2	unknown	814-838	Adenomas and adenocarcinomas
8312/2	unknown	814-838	Adenomas and adenocarcinomas
8316/2	unknown	814-838	Adenomas and adenocarcinomas
8319/2	unknown	814-838	Adenomas and adenocarcinomas
8320/2	unknown	814-838	Adenomas and adenocarcinomas
8323/2	unknown	814-838	Adenomas and adenocarcinomas
8325/3	unknown	814-838	Adenomas and adenocarcinomas
8330/2	unknown	814-838	Adenomas and adenocarcinomas
8335/2	unknown	814-838	Adenomas and adenocarcinomas
8340/2	unknown	814-838	Adenomas and adenocarcinomas
8341/0	unknown	814-838	Adenomas and adenocarcinomas
8341/2	unknown	814-838	Adenomas and adenocarcinomas
8343/2	unknown	814-838	Adenomas and adenocarcinomas
8344/2	unknown	814-838	Adenomas and adenocarcinomas
8345/2	unknown	814-838	Adenomas and adenocarcinomas
8349/2	unknown	814-838	Adenomas and adenocarcinomas
8349/3	unknown	814-838	Adenomas and adenocarcinomas
8360/3	unknown	814-838	Adenomas and adenocarcinomas
8370/2	unknown	814-838	Adenomas and adenocarcinomas
8381/2	unknown	814-838	Adenomas and adenocarcinomas
8382/2	unknown	814-838	Adenomas and adenocarcinomas
8384/2	unknown	814-838	Adenomas and adenocarcinomas
8390/2	unknown	839-842	Adnexal and skin appendage neoplasms
8392/3	unknown	839-842	Adnexal and skin appendage neoplasms
8400/2	unknown	839-842	Adnexal and skin appendage neoplasms
8401/2	unknown	839-842	Adnexal and skin appendage neoplasms
8402/2	unknown	839-842	Adnexal and skin appendage neoplasms
8405/3	unknown	839-842	Adnexal and skin appendage neoplasms
8406/2	unknown	839-842	Adnexal and skin appendage neoplasms
8407/2	unknown	839-842	Adnexal and skin appendage neoplasms
8408/2	unknown	839-842	Adnexal and skin appendage neoplasms
8410/2	unknown	839-842	Adnexal and skin appendage neoplasms
8413/2	unknown	839-842	Adnexal and skin appendage neoplasms
8420/2	unknown	839-842	Adnexal and skin appendage neoplasms
8430/2	unknown	843	Mucoepidermoid neoplasms
8440/2	unknown	844-849	Cystic, mucinous and serous neoplasms
8442/2	unknown	844-849	Cystic, mucinous and serous neoplasms
8442/3	unknown	844-849	Cystic, mucinous and serous neoplasms
8443/3	unknown	844-849	Cystic, mucinous and serous neoplasms
8444/3	unknown	844-849	Cystic, mucinous and serous neoplasms
8451/3	unknown	844-849	Cystic, mucinous and serous neoplasms
8452/0	unknown	844-849	Cystic, mucinous and serous neoplasms
8452/2	unknown	844-849	Cystic, mucinous and serous neoplasms
8455/2	unknown	844-849	Cystic, mucinous and serous neoplasms
8455/3	unknown	844-849	Cystic, mucinous and serous neoplasms
8461/2	unknown	844-849	Cystic, mucinous and serous neoplasms
8462/2	unknown	844-849	Cystic, mucinous and serous neoplasms
8462/3	unknown	844-849	Cystic, mucinous and serous neoplasms
8463/3	unknown	844-849	Cystic, mucinous and serous neoplasms
8471/2	unknown	844-849	Cystic, mucinous and serous neoplasms
8471/3	unknown	844-849	Cystic, mucinous and serous neoplasms
8472/2	unknown	844-849	Cystic, mucinous and serous neoplasms
8472/3	unknown	844-849	Cystic, mucinous and serous neoplasms
8473/2	unknown	844-849	Cystic, mucinous and serous neoplasms
8473/3	unknown	844-849	Cystic, mucinous and serous neoplasms
8474/2	unknown	844-849	Cystic, mucinous and serous neoplasms
8480/2	unknown	844-849	Cystic, mucinous and serous neoplasms
8481/2	unknown	844-849	Cystic, mucinous and serous neoplasms
8483/2	unknown	844-849	Cystic, mucinous and serous neoplasms
8483/3	unknown	844-849	Cystic, mucinous and serous neoplasms
8484/3	unknown	844-849	Cystic, mucinous and serous neoplasms
8490/2	unknown	844-849	Cystic, mucinous and serous neoplasms
8502/2	unknown	850-854	Ductal and lobular neoplasms
8508/2	unknown	850-854	Ductal and lobular neoplasms
8510/2	unknown	850-854	Ductal and lobular neoplasms
8521/2	unknown	850-854	Ductal and lobular neoplasms
8523/2	unknown	850-854	Ductal and lobular neoplasms
8524/2	unknown	850-854	Ductal and lobular neoplasms
8525/2	unknown	850-854	Ductal and lobular neoplasms
8530/2	unknown	850-854	Ductal and lobular neoplasms
8540/2	unknown	850-854	Ductal and lobular neoplasms
8541/2	unknown	850-854	Ductal and lobular neoplasms
8542/2	unknown	850-854	Ductal and lobular neoplasms
8543/2	unknown	850-854	Ductal and lobular neoplasms
8550/2	unknown	855	Acinar cell neoplasms
8551/2	unknown	855	Acinar cell neoplasms
8560/2	unknown	856-857	Complex epithelial neoplasms
8561/2	unknown	856-857	Complex epithelial neoplasms
8561/3	unknown	856-857	Complex epithelial neoplasms
8562/2	unknown	856-857	Complex epithelial neoplasms
8570/2	unknown	856-857	Complex epithelial neoplasms
8572/0	unknown	856-857	Complex epithelial neoplasms
8573/2	unknown	856-857	Complex epithelial neoplasms
8574/2	unknown	856-857	Complex epithelial neoplasms
8580/2	unknown	858	Thymic epithelial neoplasms
8590/3	unknown	859-867	Specialized gonadal neoplasms
8591/3	unknown	859-867	Specialized gonadal neoplasms
8592/3	unknown	859-867	Specialized gonadal neoplasms
8593/3	unknown	859-867	Specialized gonadal neoplasms
8594/3	unknown	859-867	Specialized gonadal neoplasms
8621/3	unknown	859-867	Specialized gonadal neoplasms
8622/3	unknown	859-867	Specialized gonadal neoplasms
8623/3	unknown	859-867	Specialized gonadal neoplasms
8632/3	unknown	859-867	Specialized gonadal neoplasms
8633/3	unknown	859-867	Specialized gonadal neoplasms
8642/3	unknown	859-867	Specialized gonadal neoplasms
8680/0	unknown	868-871	Paragangliomas and glomus tumors
8680/1	unknown	868-871	Paragangliomas and glomus tumors
8683/3	unknown	868-871	Paragangliomas and glomus tumors
8690/0	unknown	868-871	Paragangliomas and glomus tumors
8690/1	unknown	868-871	Paragangliomas and glomus tumors
8692/1	unknown	868-871	Paragangliomas and glomus tumors
8693/0	unknown	868-871	Paragangliomas and glomus tumors
8693/1	unknown	868-871	Paragangliomas and glomus tumors
8712/3	unknown	868-871	Paragangliomas and glomus tumors
8713/1	unknown	868-871	Paragangliomas and glomus tumors
8713/3	unknown	868-871	Paragangliomas and glomus tumors
8721/2	unknown	872-879	Nevi and melanomas
8722/2	unknown	872-879	Nevi and melanomas
8723/2	unknown	872-879	Nevi and melanomas
8726/3	unknown	872-879	Nevi and melanomas
8727/3	unknown	872-879	Nevi and melanomas
8730/2	unknown	872-879	Nevi and melanomas
8740/2	unknown	872-879	Nevi and melanomas
8743/2	unknown	872-879	Nevi and melanomas
8744/2	unknown	872-879	Nevi and melanomas
8745/2	unknown	872-879	Nevi and melanomas
8746/2	unknown	872-879	Nevi and melanomas
8760/2	unknown	872-879	Nevi and melanomas
8760/3	unknown	872-879	Nevi and melanomas
8761/2	unknown	872-879	Nevi and melanomas
8770/2	unknown	872-879	Nevi and melanomas
8771/2	unknown	872-879	Nevi and melanomas
8772/2	unknown	872-879	Nevi and melanomas
8790/3	unknown	872-879	Nevi and melanomas
8800/1	unknown	880	Soft tissue tumors and sarcomas, NOS
8820/3	unknown	881-883	Fibromatous neoplasms
8821/0	unknown	881-883	Fibromatous neoplasms
8821/3	unknown	881-883	Fibromatous neoplasms
8822/3	unknown	881-883	Fibromatous neoplasms
8823/3	unknown	881-883	Fibromatous neoplasms
8824/3	unknown	881-883	Fibromatous neoplasms
8825/2	unknown	881-883	Fibromatous neoplasms
8826/3	unknown	881-883	Fibromatous neoplasms
8831/3	unknown	881-883	Fibromatous neoplasms
8833/3	unknown	881-883	Fibromatous neoplasms
8835/3	unknown	881-883	Fibromatous neoplasms
8836/0	unknown	881-883	Fibromatous neoplasms
8836/3	unknown	881-883	Fibromatous neoplasms
8841/3	unknown	884	Myxomatous neoplasms
8859/3	unknown	885-888	Lipomatous neoplasms
8860/3	unknown	885-888	Lipomatous neoplasms
8893/3	unknown	889-892	Myomatous neoplasms
8897/2	unknown	889-892	Myomatous neoplasms
8897/3	unknown	889-892	Myomatous neoplasms
8933/2	unknown	893-899	Complex mixed and stromal neoplasms
8936/2	unknown	893-899	Complex mixed and stromal neoplasms
8941/2	unknown	893-899	Complex mixed and stromal neoplasms
8966/3	unknown	893-899	Complex mixed and stromal neoplasms
8974/3	unknown	893-899	Complex mixed and stromal neoplasms
8976/3	unknown	893-899	Complex mixed and stromal neoplasms
8982/2	unknown	893-899	Complex mixed and stromal neoplasms
8983/2	unknown	893-899	Complex mixed and stromal neoplasms
9013/3	unknown	900-903	Fibroepithelial neoplasms
9014/2	unknown	900-903	Fibroepithelial neoplasms
9015/2	unknown	900-903	Fibroepithelial neoplasms
9020/2	unknown	900-903	Fibroepithelial neoplasms
9050/2	unknown	905	Mesothelial neoplasms
9052/2	unknown	905	Mesothelial neoplasms
9055/3	unknown	905	Mesothelial neoplasms
9060/2	unknown	906-909	Germ cell neoplasms
9061/2	unknown	906-909	Germ cell neoplasms
9063/2	unknown	906-909	Germ cell neoplasms
9064/0	unknown	906-909	Germ cell neoplasms
9065/2	unknown	906-909	Germ cell neoplasms
9070/2	unknown	906-909	Germ cell neoplasms
9071/2	unknown	906-909	Germ cell neoplasms
9073/3	unknown	906-909	Germ cell neoplasms
9080/2	unknown	906-909	Germ cell neoplasms
9085/2	unknown	906-909	Germ cell neoplasms
9090/2	unknown	906-909	Germ cell neoplasms
9091/3	unknown	906-909	Germ cell neoplasms
9100/2	unknown	910	Trophoblastic neoplasms
9101/2	unknown	910	Trophoblastic neoplasms
9103/3	unknown	910	Trophoblastic neoplasms
9104/3	unknown	910	Trophoblastic neoplasms
9111/3	unknown	911	Mesonephromas
9120/1	unknown	912-916	Blood vessel tumors
9121/1	unknown	912-916	Blood vessel tumors
9125/3	unknown	912-916	Blood vessel tumors
9131/3	unknown	912-916	Blood vessel tumors
9133/1	unknown	912-916	Blood vessel tumors
9136/3	unknown	912-916	Blood vessel tumors
9150/0	unknown	915	Vascular tumors
9150/1	unknown	915	Vascular tumors
9150/3	unknown	915	Vascular tumors
9160/1	unknown	912-916	Blood vessel tumors
9160/3	unknown	912-916	Blood vessel tumors
9161/3	unknown	912-916	Blood vessel tumors
9174/3	unknown	917	Lymphatic vessel tumors
9175/3	unknown	917	Lymphatic vessel tumors
9200/3	unknown	918-924	Osseous and chondromatous neoplasms
9222/3	unknown	918-924	Osseous and chondromatous neoplasms
9241/3	unknown	918-924	Osseous and chondromatous neoplasms
9260/3	unknown	926	Miscellaneous bone tumors
9282/3	unknown	927-934	Odontogenic tumors
9300/3	unknown	927-934	Odontogenic tumors
9312/3	unknown	927-934	Odontogenic tumors
9321/3	unknown	927-934	Odontogenic tumors
9340/3	unknown	927-934	Odontogenic tumors
9350/0	unknown	935-937	Miscellaneous tumors
9350/3	unknown	935-937	Miscellaneous tumors
9351/0	unknown	935-937	Miscellaneous tumors
9351/3	unknown	935-937	Miscellaneous tumors
9352/0	unknown	935-937	Miscellaneous tumors
9352/3	unknown	935-937	Miscellaneous tumors
9360/0	unknown	935-937	Miscellaneous tumors
9360/3	unknown	935-937	Miscellaneous tumors
9361/0	unknown	935-937	Miscellaneous tumors
9361/3	unknown	935-937	Miscellaneous tumors
9362/0	unknown	935-937	Miscellaneous tumors
9363/3	unknown	935-937	Miscellaneous tumors
9366/3	unknown	935-937	Miscellaneous tumors
9367/3	unknown	935-937	Miscellaneous tumors
9368/3	unknown	935-937	Miscellaneous tumors
9380/0	unknown	938-948	Gliomas
9380/1	unknown	938-948	Gliomas
9381/0	unknown	938-948	Gliomas
9383/0	unknown	938-948	Gliomas
9383/3	unknown	938-948	Gliomas
9384/0	unknown	938-948	Gliomas
9384/3	unknown	938-948	Gliomas
9391/0	unknown	938-948	Gliomas
9393/0	unknown	938-948	Gliomas
9393/1	unknown	938-948	Gliomas
9394/0	unknown	938-948	Gliomas
9394/3	unknown	938-948	Gliomas
9400/0	unknown	938-948	Gliomas
9400/1	unknown	938-948	Gliomas
9401/0	unknown	938-948	Gliomas
9411/0	unknown	938-948	Gliomas
9412/3	unknown	938-948	Gliomas
9413/1	unknown	938-948	Gliomas
9413/3	unknown	938-948	Gliomas
9420/0	unknown	938-948	Gliomas
9421/3	unknown	938-948	Gliomas
9424/0	unknown	938-948	Gliomas
9431/3	unknown	938-948	Gliomas
9440/0	unknown	938-948	Gliomas
9440/1	unknown	938-948	Gliomas
9444/3	unknown	938-948	Gliomas
9450/0	unknown	938-948	Gliomas
9450/1	unknown	938-948	Gliomas
9473/0	unknown	938-948	Gliomas
9490/1	unknown	949-952	Neuroepitheliomatous neoplasms
9500/0	unknown	949-952	Neuroepitheliomatous neoplasms
9500/2	unknown	949-952	Neuroepitheliomatous neoplasms
9503/0	unknown	949-952	Neuroepitheliomatous neoplasms
9503/1	unknown	949-952	Neuroepitheliomatous neoplasms
9505/0	unknown	949-952	Neuroepitheliomatous neoplasms
9506/0	unknown	949-952	Neuroepitheliomatous neoplasms
9506/3	unknown	949-952	Neuroepitheliomatous neoplasms
9508/0	unknown	949-952	Neuroepitheliomatous neoplasms
9509/0	unknown	949-952	Neuroepitheliomatous neoplasms
9509/3	unknown	949-952	Neuroepitheliomatous neoplasms
9530/1	unknown	953	Meningiomas
9531/1	unknown	953	Meningiomas
9531/3	unknown	953	Meningiomas
9532/3	unknown	953	Meningiomas
9533/3	unknown	953	Meningiomas
9534/3	unknown	953	Meningiomas
9535/3	unknown	953	Meningiomas
9537/1	unknown	953	Meningiomas
9537/3	unknown	953	Meningiomas
9538/0	unknown	953	Meningiomas
9539/0	unknown	953	Meningiomas
9540/1	unknown	954-957	Nerve sheath tumors
9550/3	unknown	954-957	Nerve sheath tumors
9562/3	unknown	954-957	Nerve sheath tumors
9563/1	unknown	954-957	Nerve sheath tumors
9570/3	unknown	954-957	Nerve sheath tumors
9590/0	unknown	959-972	Hodgkin and non-Hodgkin lymphomas
9650/1	unknown	959-972	Hodgkin and non-Hodgkin lymphomas
9670/3	unknown	959-972	Hodgkin and non-Hodgkin lymphomas
9725/3	unknown	959-972	Hodgkin and non-Hodgkin lymphomas
9728/3	unknown	959-972	Hodgkin and non-Hodgkin lymphomas
9729/3	unknown	959-972	Hodgkin and non-Hodgkin lymphomas
9749/0	unknown	974	Mast cell neoplasms
9749/1	unknown	974	Mast cell neoplasms
9751/0	unknown	975	Neoplasms of histiocytes and accessory lymphoid cells
9752/0	unknown	975	Neoplasms of histiocytes and accessory lymphoid cells
9752/1	unknown	975	Neoplasms of histiocytes and accessory lymphoid cells
9753/1	unknown	975	Neoplasms of histiocytes and accessory lymphoid cells
9753/3	unknown	975	Neoplasms of histiocytes and accessory lymphoid cells
9754/3	unknown	975	Neoplasms of histiocytes and accessory lymphoid cells
9765/3	unknown	976	Immunoproliferative diseases
9769/3	unknown	976	Immunoproliferative diseases
9826/3	unknown	980-994	Leukemias
9836/3	unknown	980-994	Leukemias
9970/3	unknown	997	Other hematological neoplasms
9971/3	unknown	997	Other hematological neoplasms
9991/3	unknown	998-999	Myelodysplastic syndromes
9992/3	unknown	998-999	Myelodysplastic syndromes
